wing,recommended_url,page_name,page_family,topic_slug,page_value,launch_phase,score,current_dotfun_page,semrush_rows,semrush_aggregate_volume,semrush_best_position,semrush_keyword_examples,competitor_evidence_count,evidence_types,evidence_urls,decision_rationale,cannibalization_rule,schema_recommendation,internal_linking_notes
Iris Platform,/iris/,Iris Platform Overview,platform-overview,platform-overview,standalone-page,launch,113,yes,0,0,,,3,competitor-home | current-site,https://dotfun.co/iris | https://www.myaifrontdesk.com/,required architecture parent ; current dotfun Iris page exists ; multiple competitor/source evidence points,,SoftwareApplication + Product,Link from /iris/ and relevant feature/solution hubs; cross-link feature <-> vertical when feature solves vertical job.
Iris Platform,/iris/features/,Iris Features Overview,feature-overview,features-overview,standalone-page,launch,98,no,0,0,,,3,competitor-platform | current-site,https://www.myaifrontdesk.com/platform/ai-crm | https://dotfun.co/iris/product,required architecture parent ; multiple competitor/source evidence points,,SoftwareApplication + Product,Link from /iris/ and relevant feature/solution hubs; cross-link feature <-> vertical when feature solves vertical job.
Iris Platform,/iris/features/ai-crm/,Ai Crm,feature,ai-crm,standalone-page,launch,90,no,353,74420,1,"free crm (vol 8100, pos 11) | crm applications (vol 1600, pos 15) | crm application (vol 1600, pos 17) | crm applications (vol 1600, pos 76)",1,feature,https://www.myaifrontdesk.com/platform/ai-crm,"core product feature from source docs / competitor pattern ; SEMrush relevant evidence: 353 rows, aggregate volume 74420 ; Confirmed by Perl as current Iris feature on 2026-06-07.","Potential overlap with AI Solutions/custom Iris builds; keep Iris page productized, software-native, B2B SaaS.",SoftwareApplication + Product,Link from /iris/ and relevant feature/solution hubs; cross-link feature <-> vertical when feature solves vertical job.
Iris Platform,/iris/features/ai-receptionist/,Ai Phone Receptionist / Ai Phone Receptionist/24 7 Availability / Ai Phone Receptionist/Ambient Noise / Ai Phone Receptionist/Api Webhooks /,feature,ai-receptionist,standalone-page,launch,81,no,3,8470,1,"ai receptionist (vol 5400, pos 4) | frontdesk (vol 2900, pos 4) | frontdesk ai (vol 170, pos 1)",19,feature,https://www.myaifrontdesk.com/platform/ai-phone-receptionist/concurrent-calls | https://www.myaifrontdesk.com/platform/ai-phone-receptionist/ambient-noise | https://www.myaifrontdesk.com/platform/ai-phone-receptionist | https://www.myaifrontdesk.com/platform/ai-phone-receptionist/call-recording | https://www.myaifrontdesk.com/platform/ai-phone-receptionist/post-call-sms,"core product feature from source docs / competitor pattern ; SEMrush relevant evidence: 3 rows, aggregate volume 8470 ; multiple competitor/source evidence points ; Confirmed by Perl as current Iris feature on 2026-06-07.",,SoftwareApplication + Product,Link from /iris/ and relevant feature/solution hubs; cross-link feature <-> vertical when feature solves vertical job.
Iris Platform,/iris/features/ai-calendar/,Ai Calendar,feature,ai-calendar,standalone-page,launch,75,no,5,610,30,"generation calendar (vol 210, pos 30) | calendar sdk (vol 140, pos 58) | calendar sdk (vol 140, pos 60) | motion ai calendar app (vol 70, pos 53)",1,feature,https://www.myaifrontdesk.com/platform/ai-calendar,"core product feature from source docs / competitor pattern ; SEMrush relevant evidence: 5 rows, aggregate volume 610 ; Confirmed by Perl as current Iris feature on 2026-06-07.",,SoftwareApplication + Product,Link from /iris/ and relevant feature/solution hubs; cross-link feature <-> vertical when feature solves vertical job.
Iris Platform,/iris/features/ai-sms/,Automated Outbound Sms / Sms Texting Agent,feature,ai-sms,standalone-page,launch,74,no,4,190,26,"sms io (vol 70, pos 26) | sms marketing hubspot (vol 50, pos 83) | hubspot texting integrations (vol 40, pos 85) | send sms salesforce (vol 30, pos 75)",2,feature,https://www.myaifrontdesk.com/platform/sms-texting-agent | https://www.myaifrontdesk.com/platform/automated-outbound-sms,"core product feature from source docs / competitor pattern ; SEMrush relevant evidence: 4 rows, aggregate volume 190 ; Confirmed by Perl as current Iris feature on 2026-06-07.","Potential overlap with AI Solutions/custom Iris builds; keep Iris page productized, software-native, B2B SaaS.",SoftwareApplication + Product,Link from /iris/ and relevant feature/solution hubs; cross-link feature <-> vertical when feature solves vertical job.
Iris Platform,/iris/features/ai-voice/,AI Voice,feature,ai-voice,standalone-page,launch,65,no,0,0,,,2,current-site | source-doc | competitor-pattern,https://dotfun.co/iris/features/ai-voice,core product feature from source docs / voice is part of AI receptionist and phone-agent capability ; Confirmed by Perl as current Iris feature on 2026-06-07.,"Potential overlap with AI Solutions voice/SMS agents; keep Iris page productized, software-native, B2B SaaS.",SoftwareApplication + Product,Link from /iris/ and relevant feature/solution hubs; cross-link feature <-> vertical when feature solves vertical job.
Iris Platform,/iris/features/ai-web-chat/,Ai Web Chatbot,feature,ai-web-chat,standalone-page,launch,65,no,0,0,,,1,feature,https://www.myaifrontdesk.com/platform/ai-web-chatbot,core product feature from source docs / competitor pattern ; Confirmed by Perl as current Iris feature on 2026-06-07.,"Potential overlap with AI Solutions/custom Iris builds; keep Iris page productized, software-native, B2B SaaS.",SoftwareApplication + Product,Link from /iris/ and relevant feature/solution hubs; cross-link feature <-> vertical when feature solves vertical job.
Iris Platform,/iris/features/dashboards-analytics/,Dashboards Reporting,feature,dashboards-analytics,standalone-page,launch,65,no,0,0,,,1,feature,https://www.myaifrontdesk.com/platform/dashboards-reporting,core product feature from source docs / competitor pattern ; Confirmed by Perl as current Iris feature on 2026-06-07.,"Potential overlap with AI Solutions/custom Iris builds; keep Iris page productized, software-native, B2B SaaS.",SoftwareApplication + Product,Link from /iris/ and relevant feature/solution hubs; cross-link feature <-> vertical when feature solves vertical job.
Iris Platform,/iris/features/outbound/,Automated Outbound Calls,feature,outbound,standalone-page,launch,65,no,0,0,,,1,feature,https://www.myaifrontdesk.com/platform/automated-outbound-calls,core product feature from source docs / competitor pattern ; Confirmed by Perl as current Iris feature on 2026-06-07.,"Potential overlap with AI Solutions/custom Iris builds; keep Iris page productized, software-native, B2B SaaS.",SoftwareApplication + Product,Link from /iris/ and relevant feature/solution hubs; cross-link feature <-> vertical when feature solves vertical job.
Iris Platform,/iris/features/web-forms/,Website Forms,feature,web-forms,standalone-page,launch,65,no,0,0,,,1,feature,https://www.myaifrontdesk.com/platform/website-forms,core product feature from source docs / competitor pattern ; Confirmed by Perl as current Iris feature on 2026-06-07.,,SoftwareApplication + Product,Link from /iris/ and relevant feature/solution hubs; cross-link feature <-> vertical when feature solves vertical job.
Iris Platform,/iris/solutions/,Iris Solutions Overview,solutions-overview,solutions-overview,standalone-page,launch,98,no,0,0,,,4,competitor-verticals | current-site,https://dotfun.co/iris/home-services | https://dotfun.co/iris/legal-services | https://dotfun.co/iris/property-management,required architecture parent ; multiple competitor/source evidence points,,Article/FAQPage as applicable,Link from /iris/ and relevant feature/solution hubs; cross-link feature <-> vertical when feature solves vertical job.
Iris Platform,/iris/solutions/property-management/,Property Management,vertical-solution,property-management,standalone-page,launch,90,yes,0,0,,,2,current-site | source-doc | competitor-pattern,https://dotfun.co/iris/solutions/property-management,"current dotfun Iris page exists ; confirmed Iris vertical ; My AI Front Desk has property-management adjacent evidence ; Vertical prioritization should be based primarily on My AI Front Desk ranking/traffic evidence; Iris leans SMB, while broader dotfun proof skews more mid-market.",Keep vertical page about Iris software for property management; custom implementation routes to AI Solutions.,Service + FAQPage,Link from /iris/ and relevant feature/solution hubs; cross-link feature <-> vertical when feature solves vertical job.
Iris Platform,/iris/solutions/home-services/,Home Services,vertical-solution,home-services,standalone-page,launch,85,yes,0,0,,,2,current-site | source-doc | competitor-pattern,https://dotfun.co/iris/solutions/home-services,"current dotfun Iris page exists ; confirmed Iris vertical ; My AI Front Desk validates vertical solution strategy ; Vertical prioritization should be based primarily on My AI Front Desk ranking/traffic evidence; Iris leans SMB, while broader dotfun proof skews more mid-market.",Keep vertical page about Iris software for home services; custom implementation routes to AI Solutions.,Service + FAQPage,Link from /iris/ and relevant feature/solution hubs; cross-link feature <-> vertical when feature solves vertical job.
Iris Platform,/iris/solutions/legal-services/,Legal Services,vertical-solution,legal-services,standalone-page,launch,85,yes,0,0,,,2,current-site | source-doc | competitor-pattern,https://dotfun.co/iris/solutions/legal-services,"current dotfun Iris page exists ; confirmed Iris vertical ; My AI Front Desk validates vertical solution strategy ; Vertical prioritization should be based primarily on My AI Front Desk ranking/traffic evidence; Iris leans SMB, while broader dotfun proof skews more mid-market.",Keep vertical page about Iris software for legal services/law firms; custom implementation routes to AI Solutions.,Service + FAQPage,Link from /iris/ and relevant feature/solution hubs; cross-link feature <-> vertical when feature solves vertical job.
Iris Platform,/iris/solutions/real-estate/,Real Estate,vertical-solution,real-estate,standalone-page,launch-candidate,58,no,0,0,,,1,vertical-solution,https://www.myaifrontdesk.com/industries-we-serve/real-estate,"strong adjacent vertical from My AI Front Desk patterns ; Vertical prioritization should be based primarily on My AI Front Desk ranking/traffic evidence; Iris leans SMB, while broader dotfun proof skews more mid-market.",Keep vertical page about using Iris software in this market; custom implementation requests route to AI Solutions.,Service + FAQPage,Link from /iris/ and relevant feature/solution hubs; cross-link feature <-> vertical when feature solves vertical job.
Iris Platform,/iris/solutions/residential-property-management/,Residential Property Management,vertical-solution,residential-property-management,standalone-page,launch-candidate,58,no,0,0,,,1,vertical-solution,https://www.myaifrontdesk.com/industries-we-serve/residential-property-management,"strong adjacent vertical from My AI Front Desk patterns ; Vertical prioritization should be based primarily on My AI Front Desk ranking/traffic evidence; Iris leans SMB, while broader dotfun proof skews more mid-market.",Keep vertical page about using Iris software in this market; custom implementation requests route to AI Solutions.,Service + FAQPage,Link from /iris/ and relevant feature/solution hubs; cross-link feature <-> vertical when feature solves vertical job.
Iris Platform,/iris/features/ai-answering-for-small-businesses/,Features/Ai Answering For Small Businesses,feature,ai-answering-for-small-businesses,section-on-parent,phase-two,35,no,0,0,,,1,feature-overview,https://llms.myaifrontdesk.com/features/ai-answering-for-small-businesses,feature candidate requires product confirmation,,SoftwareApplication + Product,Link from /iris/ and relevant feature/solution hubs; cross-link feature <-> vertical when feature solves vertical job.
Iris Platform,/iris/features/ai-web-voicebot/,Ai Web Voicebot,feature,ai-web-voicebot,section-on-parent,phase-two,35,no,0,0,,,1,feature,https://www.myaifrontdesk.com/platform/ai-web-voicebot,feature candidate requires product confirmation,,SoftwareApplication + Product,Link from /iris/ and relevant feature/solution hubs; cross-link feature <-> vertical when feature solves vertical job.
Iris Platform,/iris/features/in-person-meeting-capture/,In Person Meeting Capture,feature,in-person-meeting-capture,section-on-parent,phase-two,35,no,0,0,,,1,feature,https://www.myaifrontdesk.com/platform/in-person-meeting-capture,feature candidate requires product confirmation,,SoftwareApplication + Product,Link from /iris/ and relevant feature/solution hubs; cross-link feature <-> vertical when feature solves vertical job.
Iris Platform,/iris/features/notifications/,Smart Notifications,feature,notifications,section-on-parent,phase-two,35,no,0,0,,,1,feature,https://www.myaifrontdesk.com/platform/smart-notifications,feature candidate requires product confirmation,,SoftwareApplication + Product,Link from /iris/ and relevant feature/solution hubs; cross-link feature <-> vertical when feature solves vertical job.
Iris Platform,/iris/features/pbx-call-capture/,Pbx Call Capture,feature,pbx-call-capture,section-on-parent,phase-two,35,no,0,0,,,1,feature,https://www.myaifrontdesk.com/platform/pbx-call-capture,feature candidate requires product confirmation,,SoftwareApplication + Product,Link from /iris/ and relevant feature/solution hubs; cross-link feature <-> vertical when feature solves vertical job.
Iris Platform,/iris/features/smart-tickets/,Smart Tickets,feature,smart-tickets,section-on-parent,phase-two,35,no,0,0,,,1,feature,https://www.myaifrontdesk.com/platform/smart-tickets,feature candidate requires product confirmation,,SoftwareApplication + Product,Link from /iris/ and relevant feature/solution hubs; cross-link feature <-> vertical when feature solves vertical job.
Iris Platform,/iris/solutions/prompt-library/,Prompt Library,vertical-solution,prompt-library,phase-two,phase-two,46,no,0,0,,,3,vertical-solution,https://www.myaifrontdesk.com/multifamily/tools/prompt-library,"competitor vertical evidence but dotfun proof/fit needed ; multiple competitor/source evidence points ; Vertical prioritization should be based primarily on My AI Front Desk ranking/traffic evidence; Iris leans SMB, while broader dotfun proof skews more mid-market.",Keep vertical page about using Iris software in this market; custom implementation requests route to AI Solutions.,Service + FAQPage,Link from /iris/ and relevant feature/solution hubs; cross-link feature <-> vertical when feature solves vertical job.
Iris Platform,/iris/solutions/reports/,Reports,vertical-solution,reports,phase-two,phase-two,46,no,0,0,,,3,vertical-solution,https://www.myaifrontdesk.com/multifamily/reports,"competitor vertical evidence but dotfun proof/fit needed ; multiple competitor/source evidence points ; Vertical prioritization should be based primarily on My AI Front Desk ranking/traffic evidence; Iris leans SMB, while broader dotfun proof skews more mid-market.",Keep vertical page about using Iris software in this market; custom implementation requests route to AI Solutions.,Service + FAQPage,Link from /iris/ and relevant feature/solution hubs; cross-link feature <-> vertical when feature solves vertical job.
Iris Platform,/iris/solutions/roi-calculator/,Roi Calculator,vertical-solution,roi-calculator,phase-two,phase-two,46,no,0,0,,,3,vertical-solution,https://www.myaifrontdesk.com/multifamily/tools/roi-calculator,"competitor vertical evidence but dotfun proof/fit needed ; multiple competitor/source evidence points ; Vertical prioritization should be based primarily on My AI Front Desk ranking/traffic evidence; Iris leans SMB, while broader dotfun proof skews more mid-market.",Keep vertical page about using Iris software in this market; custom implementation requests route to AI Solutions.,Service + FAQPage,Link from /iris/ and relevant feature/solution hubs; cross-link feature <-> vertical when feature solves vertical job.
Iris Platform,/iris/solutions/tools/,Tools,vertical-solution,tools,phase-two,phase-two,46,no,0,0,,,3,vertical-solution,https://www.myaifrontdesk.com/multifamily/tools,"competitor vertical evidence but dotfun proof/fit needed ; multiple competitor/source evidence points ; Vertical prioritization should be based primarily on My AI Front Desk ranking/traffic evidence; Iris leans SMB, while broader dotfun proof skews more mid-market.",Keep vertical page about using Iris software in this market; custom implementation requests route to AI Solutions.,Service + FAQPage,Link from /iris/ and relevant feature/solution hubs; cross-link feature <-> vertical when feature solves vertical job.
Iris Platform,/iris/solutions/accounting-firms/,Accounting Firms,vertical-solution,accounting-firms,section-on-parent,phase-two,38,no,0,0,,,1,vertical-solution,https://www.myaifrontdesk.com/industries-we-serve/accounting-firms,"competitor vertical evidence but dotfun proof/fit needed ; Vertical prioritization should be based primarily on My AI Front Desk ranking/traffic evidence; Iris leans SMB, while broader dotfun proof skews more mid-market.",Keep vertical page about using Iris software in this market; custom implementation requests route to AI Solutions.,Service + FAQPage,Link from /iris/ and relevant feature/solution hubs; cross-link feature <-> vertical when feature solves vertical job.
Iris Platform,/iris/solutions/ai-abandoned-cart-recovery/,Ai Abandoned Cart Recovery,vertical-solution,ai-abandoned-cart-recovery,section-on-parent,phase-two,38,no,0,0,,,1,vertical-solution,https://www.myaifrontdesk.com/retail/ai-abandoned-cart-recovery,"competitor vertical evidence but dotfun proof/fit needed ; Vertical prioritization should be based primarily on My AI Front Desk ranking/traffic evidence; Iris leans SMB, while broader dotfun proof skews more mid-market.",Keep vertical page about using Iris software in this market; custom implementation requests route to AI Solutions.,Service + FAQPage,Link from /iris/ and relevant feature/solution hubs; cross-link feature <-> vertical when feature solves vertical job.
Iris Platform,/iris/solutions/ai-amazon-seller-support/,Ai Amazon Seller Support,vertical-solution,ai-amazon-seller-support,section-on-parent,phase-two,38,no,0,0,,,1,vertical-solution,https://www.myaifrontdesk.com/retail/ai-amazon-seller-support,"competitor vertical evidence but dotfun proof/fit needed ; Vertical prioritization should be based primarily on My AI Front Desk ranking/traffic evidence; Iris leans SMB, while broader dotfun proof skews more mid-market.",Keep vertical page about using Iris software in this market; custom implementation requests route to AI Solutions.,Service + FAQPage,Link from /iris/ and relevant feature/solution hubs; cross-link feature <-> vertical when feature solves vertical job.
Iris Platform,/iris/solutions/ai-for-property-managers/,Ai For Property Managers,vertical-solution,ai-for-property-managers,section-on-parent,phase-two,38,no,0,0,,,1,vertical-solution,https://www.myaifrontdesk.com/multifamily/ai-for-property-managers,"competitor vertical evidence but dotfun proof/fit needed ; Vertical prioritization should be based primarily on My AI Front Desk ranking/traffic evidence; Iris leans SMB, while broader dotfun proof skews more mid-market.",Keep vertical page about using Iris software in this market; custom implementation requests route to AI Solutions.,Service + FAQPage,Link from /iris/ and relevant feature/solution hubs; cross-link feature <-> vertical when feature solves vertical job.
Iris Platform,/iris/solutions/ai-insurance-eligibility-verification/,Ai Insurance Eligibility Verification,vertical-solution,ai-insurance-eligibility-verification,section-on-parent,phase-two,38,no,0,0,,,1,vertical-solution,https://www.myaifrontdesk.com/therapy/ai-insurance-eligibility-verification,"competitor vertical evidence but dotfun proof/fit needed ; Vertical prioritization should be based primarily on My AI Front Desk ranking/traffic evidence; Iris leans SMB, while broader dotfun proof skews more mid-market.",Keep vertical page about using Iris software in this market; custom implementation requests route to AI Solutions.,Service + FAQPage,Link from /iris/ and relevant feature/solution hubs; cross-link feature <-> vertical when feature solves vertical job.
Iris Platform,/iris/solutions/ai-lease-renewal-outreach/,Ai Lease Renewal Outreach,vertical-solution,ai-lease-renewal-outreach,section-on-parent,phase-two,38,no,0,0,,,1,vertical-solution,https://www.myaifrontdesk.com/multifamily/ai-lease-renewal-outreach,"competitor vertical evidence but dotfun proof/fit needed ; Vertical prioritization should be based primarily on My AI Front Desk ranking/traffic evidence; Iris leans SMB, while broader dotfun proof skews more mid-market.",Keep vertical page about using Iris software in this market; custom implementation requests route to AI Solutions.,Service + FAQPage,Link from /iris/ and relevant feature/solution hubs; cross-link feature <-> vertical when feature solves vertical job.
Iris Platform,/iris/solutions/ai-leasing-agent/,Ai Leasing Agent,vertical-solution,ai-leasing-agent,section-on-parent,phase-two,38,no,0,0,,,1,vertical-solution,https://www.myaifrontdesk.com/multifamily/ai-leasing-agent,"competitor vertical evidence but dotfun proof/fit needed ; Vertical prioritization should be based primarily on My AI Front Desk ranking/traffic evidence; Iris leans SMB, while broader dotfun proof skews more mid-market.",Keep vertical page about using Iris software in this market; custom implementation requests route to AI Solutions.,Service + FAQPage,Link from /iris/ and relevant feature/solution hubs; cross-link feature <-> vertical when feature solves vertical job.
Iris Platform,/iris/solutions/ai-maintenance-request-intake/,Ai Maintenance Request Intake,vertical-solution,ai-maintenance-request-intake,section-on-parent,phase-two,38,no,0,0,,,1,vertical-solution,https://www.myaifrontdesk.com/multifamily/ai-maintenance-request-intake,"competitor vertical evidence but dotfun proof/fit needed ; Vertical prioritization should be based primarily on My AI Front Desk ranking/traffic evidence; Iris leans SMB, while broader dotfun proof skews more mid-market.",Keep vertical page about using Iris software in this market; custom implementation requests route to AI Solutions.,Service + FAQPage,Link from /iris/ and relevant feature/solution hubs; cross-link feature <-> vertical when feature solves vertical job.
Iris Platform,/iris/solutions/ai-order-status-lookup/,Ai Order Status Lookup,vertical-solution,ai-order-status-lookup,section-on-parent,phase-two,38,no,0,0,,,1,vertical-solution,https://www.myaifrontdesk.com/retail/ai-order-status-lookup,"competitor vertical evidence but dotfun proof/fit needed ; Vertical prioritization should be based primarily on My AI Front Desk ranking/traffic evidence; Iris leans SMB, while broader dotfun proof skews more mid-market.",Keep vertical page about using Iris software in this market; custom implementation requests route to AI Solutions.,Service + FAQPage,Link from /iris/ and relevant feature/solution hubs; cross-link feature <-> vertical when feature solves vertical job.
Iris Platform,/iris/solutions/ai-phone-receptionist-real-estate-2025/,Ai Phone Receptionist Real Estate 2025,vertical-solution,ai-phone-receptionist-real-estate-2025,section-on-parent,phase-two,38,no,0,0,,,1,vertical-solution,https://llms.myaifrontdesk.com/ai-phone-receptionist-real-estate-2025,"competitor vertical evidence but dotfun proof/fit needed ; Vertical prioritization should be based primarily on My AI Front Desk ranking/traffic evidence; Iris leans SMB, while broader dotfun proof skews more mid-market.",Keep vertical page about using Iris software in this market; custom implementation requests route to AI Solutions.,Service + FAQPage,Link from /iris/ and relevant feature/solution hubs; cross-link feature <-> vertical when feature solves vertical job.
Iris Platform,/iris/solutions/ai-phone-receptionist-real-estate/,Ai Phone Receptionist Real Estate,vertical-solution,ai-phone-receptionist-real-estate,section-on-parent,phase-two,38,no,0,0,,,1,vertical-solution,https://llms.myaifrontdesk.com/ai-phone-receptionist-real-estate,"competitor vertical evidence but dotfun proof/fit needed ; Vertical prioritization should be based primarily on My AI Front Desk ranking/traffic evidence; Iris leans SMB, while broader dotfun proof skews more mid-market.",Keep vertical page about using Iris software in this market; custom implementation requests route to AI Solutions.,Service + FAQPage,Link from /iris/ and relevant feature/solution hubs; cross-link feature <-> vertical when feature solves vertical job.
Iris Platform,/iris/solutions/ai-receptionist-aba-therapy/,Ai Receptionist Aba Therapy,vertical-solution,ai-receptionist-aba-therapy,section-on-parent,phase-two,38,no,0,0,,,1,vertical-solution,https://www.myaifrontdesk.com/therapy/ai-receptionist-aba-therapy,"competitor vertical evidence but dotfun proof/fit needed ; Vertical prioritization should be based primarily on My AI Front Desk ranking/traffic evidence; Iris leans SMB, while broader dotfun proof skews more mid-market.",Keep vertical page about using Iris software in this market; custom implementation requests route to AI Solutions.,Service + FAQPage,Link from /iris/ and relevant feature/solution hubs; cross-link feature <-> vertical when feature solves vertical job.
Iris Platform,/iris/solutions/ai-receptionist-med-spas-consult-booking-overflow/,Ai Receptionist Med Spas Consult Booking Overflow,vertical-solution,ai-receptionist-med-spas-consult-booking-overflow,section-on-parent,phase-two,38,no,0,0,,,1,vertical-solution,https://llms.myaifrontdesk.com/ai-receptionist-med-spas-consult-booking-overflow,"competitor vertical evidence but dotfun proof/fit needed ; Vertical prioritization should be based primarily on My AI Front Desk ranking/traffic evidence; Iris leans SMB, while broader dotfun proof skews more mid-market.",Keep vertical page about using Iris software in this market; custom implementation requests route to AI Solutions.,Service + FAQPage,Link from /iris/ and relevant feature/solution hubs; cross-link feature <-> vertical when feature solves vertical job.
Iris Platform,/iris/solutions/ai-receptionist-mental-health/,Ai Receptionist Mental Health,vertical-solution,ai-receptionist-mental-health,section-on-parent,phase-two,38,no,0,0,,,1,vertical-solution,https://www.myaifrontdesk.com/therapy/ai-receptionist-mental-health,"competitor vertical evidence but dotfun proof/fit needed ; Vertical prioritization should be based primarily on My AI Front Desk ranking/traffic evidence; Iris leans SMB, while broader dotfun proof skews more mid-market.",Keep vertical page about using Iris software in this market; custom implementation requests route to AI Solutions.,Service + FAQPage,Link from /iris/ and relevant feature/solution hubs; cross-link feature <-> vertical when feature solves vertical job.
Iris Platform,/iris/solutions/ai-receptionist-plumbing-hvac-emergency-triage/,Ai Receptionist Plumbing Hvac Emergency Triage,vertical-solution,ai-receptionist-plumbing-hvac-emergency-triage,section-on-parent,phase-two,38,no,0,0,,,1,vertical-solution,https://llms.myaifrontdesk.com/ai-receptionist-plumbing-hvac-emergency-triage,"competitor vertical evidence but dotfun proof/fit needed ; Vertical prioritization should be based primarily on My AI Front Desk ranking/traffic evidence; Iris leans SMB, while broader dotfun proof skews more mid-market.",Keep vertical page about using Iris software in this market; custom implementation requests route to AI Solutions.,Service + FAQPage,Link from /iris/ and relevant feature/solution hubs; cross-link feature <-> vertical when feature solves vertical job.
Iris Platform,/iris/solutions/ai-receptionist-speech-therapy/,Ai Receptionist Speech Therapy,vertical-solution,ai-receptionist-speech-therapy,section-on-parent,phase-two,38,no,0,0,,,1,vertical-solution,https://www.myaifrontdesk.com/therapy/ai-receptionist-speech-therapy,"competitor vertical evidence but dotfun proof/fit needed ; Vertical prioritization should be based primarily on My AI Front Desk ranking/traffic evidence; Iris leans SMB, while broader dotfun proof skews more mid-market.",Keep vertical page about using Iris software in this market; custom implementation requests route to AI Solutions.,Service + FAQPage,Link from /iris/ and relevant feature/solution hubs; cross-link feature <-> vertical when feature solves vertical job.
Iris Platform,/iris/solutions/ai-rent-delinquency-collections/,Ai Rent Delinquency Collections,vertical-solution,ai-rent-delinquency-collections,section-on-parent,phase-two,38,no,0,0,,,1,vertical-solution,https://www.myaifrontdesk.com/multifamily/ai-rent-delinquency-collections,"competitor vertical evidence but dotfun proof/fit needed ; Vertical prioritization should be based primarily on My AI Front Desk ranking/traffic evidence; Iris leans SMB, while broader dotfun proof skews more mid-market.",Keep vertical page about using Iris software in this market; custom implementation requests route to AI Solutions.,Service + FAQPage,Link from /iris/ and relevant feature/solution hubs; cross-link feature <-> vertical when feature solves vertical job.
Iris Platform,/iris/solutions/ai-returns-management/,Ai Returns Management,vertical-solution,ai-returns-management,section-on-parent,phase-two,38,no,0,0,,,1,vertical-solution,https://www.myaifrontdesk.com/retail/ai-returns-management,"competitor vertical evidence but dotfun proof/fit needed ; Vertical prioritization should be based primarily on My AI Front Desk ranking/traffic evidence; Iris leans SMB, while broader dotfun proof skews more mid-market.",Keep vertical page about using Iris software in this market; custom implementation requests route to AI Solutions.,Service + FAQPage,Link from /iris/ and relevant feature/solution hubs; cross-link feature <-> vertical when feature solves vertical job.
Iris Platform,/iris/solutions/ai-store-receptionist/,Ai Store Receptionist,vertical-solution,ai-store-receptionist,section-on-parent,phase-two,38,no,0,0,,,1,vertical-solution,https://www.myaifrontdesk.com/retail/ai-store-receptionist,"competitor vertical evidence but dotfun proof/fit needed ; Vertical prioritization should be based primarily on My AI Front Desk ranking/traffic evidence; Iris leans SMB, while broader dotfun proof skews more mid-market.",Keep vertical page about using Iris software in this market; custom implementation requests route to AI Solutions.,Service + FAQPage,Link from /iris/ and relevant feature/solution hubs; cross-link feature <-> vertical when feature solves vertical job.
Iris Platform,/iris/solutions/ai-therapy-no-show-recovery/,Ai Therapy No Show Recovery,vertical-solution,ai-therapy-no-show-recovery,section-on-parent,phase-two,38,no,0,0,,,1,vertical-solution,https://www.myaifrontdesk.com/therapy/ai-therapy-no-show-recovery,"competitor vertical evidence but dotfun proof/fit needed ; Vertical prioritization should be based primarily on My AI Front Desk ranking/traffic evidence; Iris leans SMB, while broader dotfun proof skews more mid-market.",Keep vertical page about using Iris software in this market; custom implementation requests route to AI Solutions.,Service + FAQPage,Link from /iris/ and relevant feature/solution hubs; cross-link feature <-> vertical when feature solves vertical job.
Iris Platform,/iris/solutions/ai-tour-no-show-recovery/,Ai Tour No Show Recovery,vertical-solution,ai-tour-no-show-recovery,section-on-parent,phase-two,38,no,0,0,,,1,vertical-solution,https://www.myaifrontdesk.com/multifamily/ai-tour-no-show-recovery,"competitor vertical evidence but dotfun proof/fit needed ; Vertical prioritization should be based primarily on My AI Front Desk ranking/traffic evidence; Iris leans SMB, while broader dotfun proof skews more mid-market.",Keep vertical page about using Iris software in this market; custom implementation requests route to AI Solutions.,Service + FAQPage,Link from /iris/ and relevant feature/solution hubs; cross-link feature <-> vertical when feature solves vertical job.
Iris Platform,/iris/solutions/appfolio-ai-integration/,Appfolio Ai Integration,vertical-solution,appfolio-ai-integration,section-on-parent,phase-two,38,no,0,0,,,1,vertical-solution,https://www.myaifrontdesk.com/multifamily/appfolio-ai-integration,"competitor vertical evidence but dotfun proof/fit needed ; Vertical prioritization should be based primarily on My AI Front Desk ranking/traffic evidence; Iris leans SMB, while broader dotfun proof skews more mid-market.",Keep vertical page about using Iris software in this market; custom implementation requests route to AI Solutions.,Service + FAQPage,Link from /iris/ and relevant feature/solution hubs; cross-link feature <-> vertical when feature solves vertical job.
Iris Platform,/iris/solutions/appfolio-leasing-ai/,Appfolio Leasing Ai,vertical-solution,appfolio-leasing-ai,section-on-parent,phase-two,38,no,0,0,,,1,vertical-solution,https://www.myaifrontdesk.com/multifamily/appfolio-leasing-ai,"competitor vertical evidence but dotfun proof/fit needed ; Vertical prioritization should be based primarily on My AI Front Desk ranking/traffic evidence; Iris leans SMB, while broader dotfun proof skews more mid-market.",Keep vertical page about using Iris software in this market; custom implementation requests route to AI Solutions.,Service + FAQPage,Link from /iris/ and relevant feature/solution hubs; cross-link feature <-> vertical when feature solves vertical job.
Iris Platform,/iris/solutions/automotive/,Automotive,vertical-solution,automotive,section-on-parent,phase-two,38,no,0,0,,,1,vertical-solution,https://www.myaifrontdesk.com/industries-we-serve/automotive,"competitor vertical evidence but dotfun proof/fit needed ; Vertical prioritization should be based primarily on My AI Front Desk ranking/traffic evidence; Iris leans SMB, while broader dotfun proof skews more mid-market.",Keep vertical page about using Iris software in this market; custom implementation requests route to AI Solutions.,Service + FAQPage,Link from /iris/ and relevant feature/solution hubs; cross-link feature <-> vertical when feature solves vertical job.
Iris Platform,/iris/solutions/best-ai-receptionist-real-estate/,Best Ai Receptionist Real Estate,vertical-solution,best-ai-receptionist-real-estate,section-on-parent,phase-two,38,no,0,0,,,1,vertical-solution,https://llms.myaifrontdesk.com/best-ai-receptionist-real-estate,"competitor vertical evidence but dotfun proof/fit needed ; Vertical prioritization should be based primarily on My AI Front Desk ranking/traffic evidence; Iris leans SMB, while broader dotfun proof skews more mid-market.",Keep vertical page about using Iris software in this market; custom implementation requests route to AI Solutions.,Service + FAQPage,Link from /iris/ and relevant feature/solution hubs; cross-link feature <-> vertical when feature solves vertical job.
Iris Platform,/iris/solutions/best-crm-for/,Best Crm For,vertical-solution,best-crm-for,section-on-parent,phase-two,38,no,0,0,,,1,vertical-solution,https://www.myaifrontdesk.com/best-crm-for,"competitor vertical evidence but dotfun proof/fit needed ; Vertical prioritization should be based primarily on My AI Front Desk ranking/traffic evidence; Iris leans SMB, while broader dotfun proof skews more mid-market.",Keep vertical page about using Iris software in this market; custom implementation requests route to AI Solutions.,Service + FAQPage,Link from /iris/ and relevant feature/solution hubs; cross-link feature <-> vertical when feature solves vertical job.
Iris Platform,/iris/solutions/buildium-ai-integration/,Buildium Ai Integration,vertical-solution,buildium-ai-integration,section-on-parent,phase-two,38,no,0,0,,,1,vertical-solution,https://www.myaifrontdesk.com/multifamily/buildium-ai-integration,"competitor vertical evidence but dotfun proof/fit needed ; Vertical prioritization should be based primarily on My AI Front Desk ranking/traffic evidence; Iris leans SMB, while broader dotfun proof skews more mid-market.",Keep vertical page about using Iris software in this market; custom implementation requests route to AI Solutions.,Service + FAQPage,Link from /iris/ and relevant feature/solution hubs; cross-link feature <-> vertical when feature solves vertical job.
Iris Platform,/iris/solutions/centralreach-ai-integration/,Centralreach Ai Integration,vertical-solution,centralreach-ai-integration,section-on-parent,phase-two,38,no,0,0,,,1,vertical-solution,https://www.myaifrontdesk.com/therapy/centralreach-ai-integration,"competitor vertical evidence but dotfun proof/fit needed ; Vertical prioritization should be based primarily on My AI Front Desk ranking/traffic evidence; Iris leans SMB, while broader dotfun proof skews more mid-market.",Keep vertical page about using Iris software in this market; custom implementation requests route to AI Solutions.,Service + FAQPage,Link from /iris/ and relevant feature/solution hubs; cross-link feature <-> vertical when feature solves vertical job.
Iris Platform,/iris/solutions/entrata-ai-integration/,Entrata Ai Integration,vertical-solution,entrata-ai-integration,section-on-parent,phase-two,38,no,0,0,,,1,vertical-solution,https://www.myaifrontdesk.com/multifamily/entrata-ai-integration,"competitor vertical evidence but dotfun proof/fit needed ; Vertical prioritization should be based primarily on My AI Front Desk ranking/traffic evidence; Iris leans SMB, while broader dotfun proof skews more mid-market.",Keep vertical page about using Iris software in this market; custom implementation requests route to AI Solutions.,Service + FAQPage,Link from /iris/ and relevant feature/solution hubs; cross-link feature <-> vertical when feature solves vertical job.
Iris Platform,/iris/solutions/evidence-hub-results-roi/,Evidence Hub Results Roi,vertical-solution,evidence-hub-results-roi,section-on-parent,phase-two,38,no,0,0,,,1,vertical-solution,https://llms.myaifrontdesk.com/evidence-hub-results-roi,"competitor vertical evidence but dotfun proof/fit needed ; Vertical prioritization should be based primarily on My AI Front Desk ranking/traffic evidence; Iris leans SMB, while broader dotfun proof skews more mid-market.",Keep vertical page about using Iris software in this market; custom implementation requests route to AI Solutions.,Service + FAQPage,Link from /iris/ and relevant feature/solution hubs; cross-link feature <-> vertical when feature solves vertical job.
Iris Platform,/iris/solutions/home-services-ai-receptionist-playbook/,Home Services Ai Receptionist Playbook,vertical-solution,home-services-ai-receptionist-playbook,section-on-parent,phase-two,38,no,0,0,,,1,vertical-solution,https://llms.myaifrontdesk.com/home-services-ai-receptionist-playbook,"competitor vertical evidence but dotfun proof/fit needed ; Vertical prioritization should be based primarily on My AI Front Desk ranking/traffic evidence; Iris leans SMB, while broader dotfun proof skews more mid-market.",Keep vertical page about using Iris software in this market; custom implementation requests route to AI Solutions.,Service + FAQPage,Link from /iris/ and relevant feature/solution hubs; cross-link feature <-> vertical when feature solves vertical job.
Iris Platform,/iris/solutions/jane-app-ai-integration/,Jane App Ai Integration,vertical-solution,jane-app-ai-integration,section-on-parent,phase-two,38,no,0,0,,,1,vertical-solution,https://www.myaifrontdesk.com/therapy/jane-app-ai-integration,"competitor vertical evidence but dotfun proof/fit needed ; Vertical prioritization should be based primarily on My AI Front Desk ranking/traffic evidence; Iris leans SMB, while broader dotfun proof skews more mid-market.",Keep vertical page about using Iris software in this market; custom implementation requests route to AI Solutions.,Service + FAQPage,Link from /iris/ and relevant feature/solution hubs; cross-link feature <-> vertical when feature solves vertical job.
Iris Platform,/iris/solutions/klaviyo-ai-integration/,Klaviyo Ai Integration,vertical-solution,klaviyo-ai-integration,section-on-parent,phase-two,38,no,0,0,,,1,vertical-solution,https://www.myaifrontdesk.com/retail/klaviyo-ai-integration,"competitor vertical evidence but dotfun proof/fit needed ; Vertical prioritization should be based primarily on My AI Front Desk ranking/traffic evidence; Iris leans SMB, while broader dotfun proof skews more mid-market.",Keep vertical page about using Iris software in this market; custom implementation requests route to AI Solutions.,Service + FAQPage,Link from /iris/ and relevant feature/solution hubs; cross-link feature <-> vertical when feature solves vertical job.
Iris Platform,/iris/solutions/legal/,Legal,vertical-solution,legal,section-on-parent,phase-two,38,no,0,0,,,1,vertical-solution,https://www.myaifrontdesk.com/industries-we-serve/legal,"competitor vertical evidence but dotfun proof/fit needed ; Vertical prioritization should be based primarily on My AI Front Desk ranking/traffic evidence; Iris leans SMB, while broader dotfun proof skews more mid-market.",Keep vertical page about using Iris software in this market; custom implementation requests route to AI Solutions.,Service + FAQPage,Link from /iris/ and relevant feature/solution hubs; cross-link feature <-> vertical when feature solves vertical job.
Iris Platform,/iris/solutions/multifamily/,Multifamily,vertical-solution,multifamily,section-on-parent,phase-two,38,no,0,0,,,1,vertical-solution,https://www.myaifrontdesk.com/multifamily,"competitor vertical evidence but dotfun proof/fit needed ; Vertical prioritization should be based primarily on My AI Front Desk ranking/traffic evidence; Iris leans SMB, while broader dotfun proof skews more mid-market.",Keep vertical page about using Iris software in this market; custom implementation requests route to AI Solutions.,Service + FAQPage,Link from /iris/ and relevant feature/solution hubs; cross-link feature <-> vertical when feature solves vertical job.
Iris Platform,/iris/solutions/real-estate-ai-virtual-receptionist-listings-tours/,Real Estate Ai Virtual Receptionist Listings Tours,vertical-solution,real-estate-ai-virtual-receptionist-listings-tours,section-on-parent,phase-two,38,no,0,0,,,1,vertical-solution,https://llms.myaifrontdesk.com/real-estate-ai-virtual-receptionist-listings-tours,"competitor vertical evidence but dotfun proof/fit needed ; Vertical prioritization should be based primarily on My AI Front Desk ranking/traffic evidence; Iris leans SMB, while broader dotfun proof skews more mid-market.",Keep vertical page about using Iris software in this market; custom implementation requests route to AI Solutions.,Service + FAQPage,Link from /iris/ and relevant feature/solution hubs; cross-link feature <-> vertical when feature solves vertical job.
Iris Platform,/iris/solutions/real-estate-crm-integrations/,Real Estate Crm Integrations,vertical-solution,real-estate-crm-integrations,section-on-parent,phase-two,38,no,0,0,,,1,vertical-solution,https://llms.myaifrontdesk.com/real-estate-crm-integrations,"competitor vertical evidence but dotfun proof/fit needed ; Vertical prioritization should be based primarily on My AI Front Desk ranking/traffic evidence; Iris leans SMB, while broader dotfun proof skews more mid-market.",Keep vertical page about using Iris software in this market; custom implementation requests route to AI Solutions.,Service + FAQPage,Link from /iris/ and relevant feature/solution hubs; cross-link feature <-> vertical when feature solves vertical job.
Iris Platform,/iris/solutions/real-estate-playbook-ai-receptionist/,Real Estate Playbook Ai Receptionist,vertical-solution,real-estate-playbook-ai-receptionist,section-on-parent,phase-two,38,no,0,0,,,1,vertical-solution,https://llms.myaifrontdesk.com/real-estate-playbook-ai-receptionist,"competitor vertical evidence but dotfun proof/fit needed ; Vertical prioritization should be based primarily on My AI Front Desk ranking/traffic evidence; Iris leans SMB, while broader dotfun proof skews more mid-market.",Keep vertical page about using Iris software in this market; custom implementation requests route to AI Solutions.,Service + FAQPage,Link from /iris/ and relevant feature/solution hubs; cross-link feature <-> vertical when feature solves vertical job.
Iris Platform,/iris/solutions/real-estate-pricing-roi/,Real Estate Pricing Roi,vertical-solution,real-estate-pricing-roi,section-on-parent,phase-two,38,no,0,0,,,1,vertical-solution,https://llms.myaifrontdesk.com/real-estate-pricing-roi,"competitor vertical evidence but dotfun proof/fit needed ; Vertical prioritization should be based primarily on My AI Front Desk ranking/traffic evidence; Iris leans SMB, while broader dotfun proof skews more mid-market.",Keep vertical page about using Iris software in this market; custom implementation requests route to AI Solutions.,Service + FAQPage,Link from /iris/ and relevant feature/solution hubs; cross-link feature <-> vertical when feature solves vertical job.
Iris Platform,/iris/solutions/realpage-ai-integration/,Realpage Ai Integration,vertical-solution,realpage-ai-integration,section-on-parent,phase-two,38,no,0,0,,,1,vertical-solution,https://www.myaifrontdesk.com/multifamily/realpage-ai-integration,"competitor vertical evidence but dotfun proof/fit needed ; Vertical prioritization should be based primarily on My AI Front Desk ranking/traffic evidence; Iris leans SMB, while broader dotfun proof skews more mid-market.",Keep vertical page about using Iris software in this market; custom implementation requests route to AI Solutions.,Service + FAQPage,Link from /iris/ and relevant feature/solution hubs; cross-link feature <-> vertical when feature solves vertical job.
Iris Platform,/iris/solutions/release-notes-real-estate-dec-2025/,Release Notes Real Estate Dec 2025,vertical-solution,release-notes-real-estate-dec-2025,section-on-parent,phase-two,38,no,0,0,,,1,vertical-solution,https://llms.myaifrontdesk.com/release-notes-real-estate-dec-2025,"competitor vertical evidence but dotfun proof/fit needed ; Vertical prioritization should be based primarily on My AI Front Desk ranking/traffic evidence; Iris leans SMB, while broader dotfun proof skews more mid-market.",Keep vertical page about using Iris software in this market; custom implementation requests route to AI Solutions.,Service + FAQPage,Link from /iris/ and relevant feature/solution hubs; cross-link feature <-> vertical when feature solves vertical job.
Iris Platform,/iris/solutions/retail/,Retail,vertical-solution,retail,section-on-parent,phase-two,38,no,0,0,,,1,vertical-solution,https://www.myaifrontdesk.com/retail,"competitor vertical evidence but dotfun proof/fit needed ; Vertical prioritization should be based primarily on My AI Front Desk ranking/traffic evidence; Iris leans SMB, while broader dotfun proof skews more mid-market.",Keep vertical page about using Iris software in this market; custom implementation requests route to AI Solutions.,Service + FAQPage,Link from /iris/ and relevant feature/solution hubs; cross-link feature <-> vertical when feature solves vertical job.
Iris Platform,/iris/solutions/shopify-ai-integration/,Shopify Ai Integration,vertical-solution,shopify-ai-integration,section-on-parent,phase-two,38,no,0,0,,,1,vertical-solution,https://www.myaifrontdesk.com/retail/shopify-ai-integration,"competitor vertical evidence but dotfun proof/fit needed ; Vertical prioritization should be based primarily on My AI Front Desk ranking/traffic evidence; Iris leans SMB, while broader dotfun proof skews more mid-market.",Keep vertical page about using Iris software in this market; custom implementation requests route to AI Solutions.,Service + FAQPage,Link from /iris/ and relevant feature/solution hubs; cross-link feature <-> vertical when feature solves vertical job.
Iris Platform,/iris/solutions/simplepractice-ai-integration/,Simplepractice Ai Integration,vertical-solution,simplepractice-ai-integration,section-on-parent,phase-two,38,no,0,0,,,1,vertical-solution,https://www.myaifrontdesk.com/therapy/simplepractice-ai-integration,"competitor vertical evidence but dotfun proof/fit needed ; Vertical prioritization should be based primarily on My AI Front Desk ranking/traffic evidence; Iris leans SMB, while broader dotfun proof skews more mid-market.",Keep vertical page about using Iris software in this market; custom implementation requests route to AI Solutions.,Service + FAQPage,Link from /iris/ and relevant feature/solution hubs; cross-link feature <-> vertical when feature solves vertical job.
Iris Platform,/iris/solutions/therapy/,Therapy,vertical-solution,therapy,section-on-parent,phase-two,38,no,0,0,,,1,vertical-solution,https://www.myaifrontdesk.com/therapy,"competitor vertical evidence but dotfun proof/fit needed ; Vertical prioritization should be based primarily on My AI Front Desk ranking/traffic evidence; Iris leans SMB, while broader dotfun proof skews more mid-market.",Keep vertical page about using Iris software in this market; custom implementation requests route to AI Solutions.,Service + FAQPage,Link from /iris/ and relevant feature/solution hubs; cross-link feature <-> vertical when feature solves vertical job.
Iris Platform,/iris/solutions/therapynotes-ai-integration/,Therapynotes Ai Integration,vertical-solution,therapynotes-ai-integration,section-on-parent,phase-two,38,no,0,0,,,1,vertical-solution,https://www.myaifrontdesk.com/therapy/therapynotes-ai-integration,"competitor vertical evidence but dotfun proof/fit needed ; Vertical prioritization should be based primarily on My AI Front Desk ranking/traffic evidence; Iris leans SMB, while broader dotfun proof skews more mid-market.",Keep vertical page about using Iris software in this market; custom implementation requests route to AI Solutions.,Service + FAQPage,Link from /iris/ and relevant feature/solution hubs; cross-link feature <-> vertical when feature solves vertical job.
Iris Platform,/iris/solutions/woocommerce-ai-integration/,Woocommerce Ai Integration,vertical-solution,woocommerce-ai-integration,section-on-parent,phase-two,38,no,0,0,,,1,vertical-solution,https://www.myaifrontdesk.com/retail/woocommerce-ai-integration,"competitor vertical evidence but dotfun proof/fit needed ; Vertical prioritization should be based primarily on My AI Front Desk ranking/traffic evidence; Iris leans SMB, while broader dotfun proof skews more mid-market.",Keep vertical page about using Iris software in this market; custom implementation requests route to AI Solutions.,Service + FAQPage,Link from /iris/ and relevant feature/solution hubs; cross-link feature <-> vertical when feature solves vertical job.
Iris Platform,/iris/solutions/yardi-ai-integration/,Yardi Ai Integration,vertical-solution,yardi-ai-integration,section-on-parent,phase-two,38,no,0,0,,,1,vertical-solution,https://www.myaifrontdesk.com/multifamily/yardi-ai-integration,"competitor vertical evidence but dotfun proof/fit needed ; Vertical prioritization should be based primarily on My AI Front Desk ranking/traffic evidence; Iris leans SMB, while broader dotfun proof skews more mid-market.",Keep vertical page about using Iris software in this market; custom implementation requests route to AI Solutions.,Service + FAQPage,Link from /iris/ and relevant feature/solution hubs; cross-link feature <-> vertical when feature solves vertical job.
Iris Platform,/iris/solutions/yardi-ai-leasing-agent/,Yardi Ai Leasing Agent,vertical-solution,yardi-ai-leasing-agent,section-on-parent,phase-two,38,no,0,0,,,1,vertical-solution,https://www.myaifrontdesk.com/multifamily/yardi-ai-leasing-agent,"competitor vertical evidence but dotfun proof/fit needed ; Vertical prioritization should be based primarily on My AI Front Desk ranking/traffic evidence; Iris leans SMB, while broader dotfun proof skews more mid-market.",Keep vertical page about using Iris software in this market; custom implementation requests route to AI Solutions.,Service + FAQPage,Link from /iris/ and relevant feature/solution hubs; cross-link feature <-> vertical when feature solves vertical job.
Iris Platform,/iris/compare/activecampaign-alternative/,Activecampaign Alternative,comparison,comparison,phase-two,phase-two,35,no,0,0,,,1,comparison,https://www.myaifrontdesk.com/activecampaign-alternative,comparison can capture demand but needs claims/proof discipline,Avoid unsupported competitor claims; use alternatives/comparison only when evidence/proof is ready.,Article/FAQPage as applicable,Link from /iris/ and relevant feature/solution hubs; cross-link feature <-> vertical when feature solves vertical job.
Iris Platform,/iris/compare/ai-receptionist-alternatives-2025/,Ai Receptionist Alternatives 2025,comparison,comparison,phase-two,phase-two,35,no,0,0,,,1,comparison,https://llms.myaifrontdesk.com/ai-receptionist-alternatives-2025,comparison can capture demand but needs claims/proof discipline,Avoid unsupported competitor claims; use alternatives/comparison only when evidence/proof is ready.,Article/FAQPage as applicable,Link from /iris/ and relevant feature/solution hubs; cross-link feature <-> vertical when feature solves vertical job.
Iris Platform,/iris/compare/ai-receptionist-inbound-calls-smbs/,Ai Receptionist Inbound Calls Smbs,comparison,comparison,phase-two,phase-two,35,no,0,0,,,1,comparison,https://llms.myaifrontdesk.com/ai-receptionist-inbound-calls-smbs,comparison can capture demand but needs claims/proof discipline,Avoid unsupported competitor claims; use alternatives/comparison only when evidence/proof is ready.,Article/FAQPage as applicable,Link from /iris/ and relevant feature/solution hubs; cross-link feature <-> vertical when feature solves vertical job.
Iris Platform,/iris/compare/attio-alternative/,Attio Alternative,comparison,comparison,phase-two,phase-two,35,no,0,0,,,1,comparison,https://www.myaifrontdesk.com/attio-alternative,comparison can capture demand but needs claims/proof discipline,Avoid unsupported competitor claims; use alternatives/comparison only when evidence/proof is ready.,Article/FAQPage as applicable,Link from /iris/ and relevant feature/solution hubs; cross-link feature <-> vertical when feature solves vertical job.
Iris Platform,/iris/compare/close-crm-alternative/,Close Crm Alternative,comparison,comparison,phase-two,phase-two,35,no,0,0,,,1,comparison,https://www.myaifrontdesk.com/close-crm-alternative,comparison can capture demand but needs claims/proof discipline,Avoid unsupported competitor claims; use alternatives/comparison only when evidence/proof is ready.,Article/FAQPage as applicable,Link from /iris/ and relevant feature/solution hubs; cross-link feature <-> vertical when feature solves vertical job.
Iris Platform,/iris/compare/copper-crm-alternative/,Copper Crm Alternative,comparison,comparison,phase-two,phase-two,35,no,0,0,,,1,comparison,https://www.myaifrontdesk.com/copper-crm-alternative,comparison can capture demand but needs claims/proof discipline,Avoid unsupported competitor claims; use alternatives/comparison only when evidence/proof is ready.,Article/FAQPage as applicable,Link from /iris/ and relevant feature/solution hubs; cross-link feature <-> vertical when feature solves vertical job.
Iris Platform,/iris/compare/crm-reimagined-for-the-ai-age/,Crm Reimagined For The Ai Age,comparison,comparison,phase-two,phase-two,35,no,0,0,,,1,comparison,https://www.myaifrontdesk.com/crm-reimagined-for-the-ai-age,comparison can capture demand but needs claims/proof discipline,Avoid unsupported competitor claims; use alternatives/comparison only when evidence/proof is ready.,Article/FAQPage as applicable,Link from /iris/ and relevant feature/solution hubs; cross-link feature <-> vertical when feature solves vertical job.
Iris Platform,/iris/compare/elise-ai-alternative/,Elise Ai Alternative,comparison,comparison,phase-two,phase-two,35,no,0,0,,,1,comparison,https://www.myaifrontdesk.com/multifamily/elise-ai-alternative,comparison can capture demand but needs claims/proof discipline,Avoid unsupported competitor claims; use alternatives/comparison only when evidence/proof is ready.,Article/FAQPage as applicable,Link from /iris/ and relevant feature/solution hubs; cross-link feature <-> vertical when feature solves vertical job.
Iris Platform,/iris/compare/freshsales-alternative/,Freshsales Alternative,comparison,comparison,phase-two,phase-two,35,no,0,0,,,1,comparison,https://www.myaifrontdesk.com/freshsales-alternative,comparison can capture demand but needs claims/proof discipline,Avoid unsupported competitor claims; use alternatives/comparison only when evidence/proof is ready.,Article/FAQPage as applicable,Link from /iris/ and relevant feature/solution hubs; cross-link feature <-> vertical when feature solves vertical job.
Iris Platform,/iris/compare/funnel-leasing-alternative/,Funnel Leasing Alternative,comparison,comparison,phase-two,phase-two,35,no,0,0,,,1,comparison,https://www.myaifrontdesk.com/multifamily/funnel-leasing-alternative,comparison can capture demand but needs claims/proof discipline,Avoid unsupported competitor claims; use alternatives/comparison only when evidence/proof is ready.,Article/FAQPage as applicable,Link from /iris/ and relevant feature/solution hubs; cross-link feature <-> vertical when feature solves vertical job.
Iris Platform,/iris/compare/gohighlevel-alternative/,Gohighlevel Alternative,comparison,comparison,phase-two,phase-two,35,no,0,0,,,1,comparison,https://www.myaifrontdesk.com/gohighlevel-alternative,comparison can capture demand but needs claims/proof discipline,Avoid unsupported competitor claims; use alternatives/comparison only when evidence/proof is ready.,Article/FAQPage as applicable,Link from /iris/ and relevant feature/solution hubs; cross-link feature <-> vertical when feature solves vertical job.
Iris Platform,/iris/compare/hubspot-alternative/,Hubspot Alternative,comparison,comparison,phase-two,phase-two,35,no,0,0,,,1,comparison,https://www.myaifrontdesk.com/hubspot-alternative,comparison can capture demand but needs claims/proof discipline,Avoid unsupported competitor claims; use alternatives/comparison only when evidence/proof is ready.,Article/FAQPage as applicable,Link from /iris/ and relevant feature/solution hubs; cross-link feature <-> vertical when feature solves vertical job.
Iris Platform,/iris/compare/keap-alternative/,Keap Alternative,comparison,comparison,phase-two,phase-two,35,no,0,0,,,1,comparison,https://www.myaifrontdesk.com/keap-alternative,comparison can capture demand but needs claims/proof discipline,Avoid unsupported competitor claims; use alternatives/comparison only when evidence/proof is ready.,Article/FAQPage as applicable,Link from /iris/ and relevant feature/solution hubs; cross-link feature <-> vertical when feature solves vertical job.
Iris Platform,/iris/compare/knock-crm-alternative/,Knock Crm Alternative,comparison,comparison,phase-two,phase-two,35,no,0,0,,,1,comparison,https://www.myaifrontdesk.com/multifamily/knock-crm-alternative,comparison can capture demand but needs claims/proof discipline,Avoid unsupported competitor claims; use alternatives/comparison only when evidence/proof is ready.,Article/FAQPage as applicable,Link from /iris/ and relevant feature/solution hubs; cross-link feature <-> vertical when feature solves vertical job.
Iris Platform,/iris/compare/leasehawk-alternative/,Leasehawk Alternative,comparison,comparison,phase-two,phase-two,35,no,0,0,,,1,comparison,https://www.myaifrontdesk.com/multifamily/leasehawk-alternative,comparison can capture demand but needs claims/proof discipline,Avoid unsupported competitor claims; use alternatives/comparison only when evidence/proof is ready.,Article/FAQPage as applicable,Link from /iris/ and relevant feature/solution hubs; cross-link feature <-> vertical when feature solves vertical job.
Iris Platform,/iris/compare/monday-crm-alternative/,Monday Crm Alternative,comparison,comparison,phase-two,phase-two,35,no,0,0,,,1,comparison,https://www.myaifrontdesk.com/monday-crm-alternative,comparison can capture demand but needs claims/proof discipline,Avoid unsupported competitor claims; use alternatives/comparison only when evidence/proof is ready.,Article/FAQPage as applicable,Link from /iris/ and relevant feature/solution hubs; cross-link feature <-> vertical when feature solves vertical job.
Iris Platform,/iris/compare/pipedrive-alternative/,Pipedrive Alternative,comparison,comparison,phase-two,phase-two,35,no,0,0,,,1,comparison,https://www.myaifrontdesk.com/pipedrive-alternative,comparison can capture demand but needs claims/proof discipline,Avoid unsupported competitor claims; use alternatives/comparison only when evidence/proof is ready.,Article/FAQPage as applicable,Link from /iris/ and relevant feature/solution hubs; cross-link feature <-> vertical when feature solves vertical job.
Iris Platform,/iris/compare/real-estate-ai-receptionist-buyer-guide-2025/,Real Estate Ai Receptionist Buyer Guide 2025,comparison,comparison,phase-two,phase-two,35,no,0,0,,,1,comparison,https://llms.myaifrontdesk.com/real-estate-ai-receptionist-buyer-guide-2025,comparison can capture demand but needs claims/proof discipline,Avoid unsupported competitor claims; use alternatives/comparison only when evidence/proof is ready.,Article/FAQPage as applicable,Link from /iris/ and relevant feature/solution hubs; cross-link feature <-> vertical when feature solves vertical job.
Iris Platform,/iris/compare/salesforce-alternative/,Salesforce Alternative,comparison,comparison,phase-two,phase-two,35,no,0,0,,,1,comparison,https://www.myaifrontdesk.com/salesforce-alternative,comparison can capture demand but needs claims/proof discipline,Avoid unsupported competitor claims; use alternatives/comparison only when evidence/proof is ready.,Article/FAQPage as applicable,Link from /iris/ and relevant feature/solution hubs; cross-link feature <-> vertical when feature solves vertical job.
Iris Platform,/iris/compare/smith-ai-alternative-ai-only/,Smith Ai Alternative Ai Only,comparison,comparison,phase-two,phase-two,35,no,0,0,,,1,comparison,https://llms.myaifrontdesk.com/smith-ai-alternative-ai-only,comparison can capture demand but needs claims/proof discipline,Avoid unsupported competitor claims; use alternatives/comparison only when evidence/proof is ready.,Article/FAQPage as applicable,Link from /iris/ and relevant feature/solution hubs; cross-link feature <-> vertical when feature solves vertical job.
Iris Platform,/iris/compare/zoho-crm-alternative/,Zoho Crm Alternative,comparison,comparison,phase-two,phase-two,35,no,0,0,,,1,comparison,https://www.myaifrontdesk.com/zoho-crm-alternative,comparison can capture demand but needs claims/proof discipline,Avoid unsupported competitor claims; use alternatives/comparison only when evidence/proof is ready.,Article/FAQPage as applicable,Link from /iris/ and relevant feature/solution hubs; cross-link feature <-> vertical when feature solves vertical job.
Iris Platform,/iris/integrations/api-developer-integration-guide/,Api Developer Integration Guide,integration,integrations,phase-two,phase-two,55,no,21,1420,1,"stripe hubspot integration (vol 210, pos 54) | linear integration (vol 170, pos 3) | envoy slack integration (vol 140, pos 48) | salesforce google ads integration (vol 110, pos 76)",1,integration,https://llms.myaifrontdesk.com/api-developer-integration-guide,"integration page only if product support is real ; SEMrush relevant evidence: 21 rows, aggregate volume 1420",Do not publish unless integration is supported or roadmap language is approved.,Article/FAQPage as applicable,Link from /iris/ and relevant feature/solution hubs; cross-link feature <-> vertical when feature solves vertical job.
Iris Platform,/iris/integrations/fitness-studio-class-booking-integrations/,Fitness Studio Class Booking Integrations,integration,integrations,phase-two,phase-two,55,no,21,1420,1,"stripe hubspot integration (vol 210, pos 54) | linear integration (vol 170, pos 3) | envoy slack integration (vol 140, pos 48) | salesforce google ads integration (vol 110, pos 76)",1,integration,https://llms.myaifrontdesk.com/fitness-studio-class-booking-integrations,"integration page only if product support is real ; SEMrush relevant evidence: 21 rows, aggregate volume 1420",Do not publish unless integration is supported or roadmap language is approved.,Article/FAQPage as applicable,Link from /iris/ and relevant feature/solution hubs; cross-link feature <-> vertical when feature solves vertical job.
Iris Platform,/iris/integrations/fitness-studio-integrations/,Fitness Studio Integrations,integration,integrations,phase-two,phase-two,55,no,21,1420,1,"stripe hubspot integration (vol 210, pos 54) | linear integration (vol 170, pos 3) | envoy slack integration (vol 140, pos 48) | salesforce google ads integration (vol 110, pos 76)",1,integration,https://llms.myaifrontdesk.com/fitness-studio-integrations,"integration page only if product support is real ; SEMrush relevant evidence: 21 rows, aggregate volume 1420",Do not publish unless integration is supported or roadmap language is approved.,Article/FAQPage as applicable,Link from /iris/ and relevant feature/solution hubs; cross-link feature <-> vertical when feature solves vertical job.
Iris Platform,/iris/integrations/google-calendar-integration/,Google Calendar Integration,integration,integrations,phase-two,phase-two,55,no,21,1420,1,"stripe hubspot integration (vol 210, pos 54) | linear integration (vol 170, pos 3) | envoy slack integration (vol 140, pos 48) | salesforce google ads integration (vol 110, pos 76)",1,integration,https://llms.myaifrontdesk.com/google-calendar-integration,"integration page only if product support is real ; SEMrush relevant evidence: 21 rows, aggregate volume 1420",Do not publish unless integration is supported or roadmap language is approved.,Article/FAQPage as applicable,Link from /iris/ and relevant feature/solution hubs; cross-link feature <-> vertical when feature solves vertical job.
Iris Platform,/iris/integrations/google-calendar-zapier-one-step-booking/,Google Calendar Zapier One Step Booking,integration,integrations,phase-two,phase-two,55,no,21,1420,1,"stripe hubspot integration (vol 210, pos 54) | linear integration (vol 170, pos 3) | envoy slack integration (vol 140, pos 48) | salesforce google ads integration (vol 110, pos 76)",1,integration,https://llms.myaifrontdesk.com/google-calendar-zapier-one-step-booking,"integration page only if product support is real ; SEMrush relevant evidence: 21 rows, aggregate volume 1420",Do not publish unless integration is supported or roadmap language is approved.,Article/FAQPage as applicable,Link from /iris/ and relevant feature/solution hubs; cross-link feature <-> vertical when feature solves vertical job.
Iris Platform,/iris/integrations/home-services-integrations/,Home Services Integrations,integration,integrations,phase-two,phase-two,55,no,21,1420,1,"stripe hubspot integration (vol 210, pos 54) | linear integration (vol 170, pos 3) | envoy slack integration (vol 140, pos 48) | salesforce google ads integration (vol 110, pos 76)",1,integration,https://llms.myaifrontdesk.com/home-services-integrations,"integration page only if product support is real ; SEMrush relevant evidence: 21 rows, aggregate volume 1420",Do not publish unless integration is supported or roadmap language is approved.,Article/FAQPage as applicable,Link from /iris/ and relevant feature/solution hubs; cross-link feature <-> vertical when feature solves vertical job.
Iris Platform,/iris/integrations/hubspot-call-logging-contact-creation/,Hubspot Call Logging Contact Creation,integration,integrations,phase-two,phase-two,55,no,21,1420,1,"stripe hubspot integration (vol 210, pos 54) | linear integration (vol 170, pos 3) | envoy slack integration (vol 140, pos 48) | salesforce google ads integration (vol 110, pos 76)",1,integration,https://llms.myaifrontdesk.com/hubspot-call-logging-contact-creation,"integration page only if product support is real ; SEMrush relevant evidence: 21 rows, aggregate volume 1420",Do not publish unless integration is supported or roadmap language is approved.,Article/FAQPage as applicable,Link from /iris/ and relevant feature/solution hubs; cross-link feature <-> vertical when feature solves vertical job.
Iris Platform,/iris/integrations/hubspot-integration-call-logging-contacts-notes/,Hubspot Integration Call Logging Contacts Notes,integration,integrations,phase-two,phase-two,55,no,21,1420,1,"stripe hubspot integration (vol 210, pos 54) | linear integration (vol 170, pos 3) | envoy slack integration (vol 140, pos 48) | salesforce google ads integration (vol 110, pos 76)",1,integration,https://llms.myaifrontdesk.com/hubspot-integration-call-logging-contacts-notes,"integration page only if product support is real ; SEMrush relevant evidence: 21 rows, aggregate volume 1420",Do not publish unless integration is supported or roadmap language is approved.,Article/FAQPage as applicable,Link from /iris/ and relevant feature/solution hubs; cross-link feature <-> vertical when feature solves vertical job.
Iris Platform,/iris/integrations/hubspot-integration/,Hubspot Integration,integration,integrations,phase-two,phase-two,55,no,21,1420,1,"stripe hubspot integration (vol 210, pos 54) | linear integration (vol 170, pos 3) | envoy slack integration (vol 140, pos 48) | salesforce google ads integration (vol 110, pos 76)",1,integration,https://llms.myaifrontdesk.com/hubspot-integration,"integration page only if product support is real ; SEMrush relevant evidence: 21 rows, aggregate volume 1420",Do not publish unless integration is supported or roadmap language is approved.,Article/FAQPage as applicable,Link from /iris/ and relevant feature/solution hubs; cross-link feature <-> vertical when feature solves vertical job.
Iris Platform,/iris/integrations/integrations-automations/,Integrations Automations,integration,integrations,phase-two,phase-two,55,no,21,1420,1,"stripe hubspot integration (vol 210, pos 54) | linear integration (vol 170, pos 3) | envoy slack integration (vol 140, pos 48) | salesforce google ads integration (vol 110, pos 76)",1,integration,https://llms.myaifrontdesk.com/integrations-automations,"integration page only if product support is real ; SEMrush relevant evidence: 21 rows, aggregate volume 1420",Do not publish unless integration is supported or roadmap language is approved.,Article/FAQPage as applicable,Link from /iris/ and relevant feature/solution hubs; cross-link feature <-> vertical when feature solves vertical job.
Iris Platform,/iris/integrations/integrations-google-calendar/,Integrations Google Calendar,integration,integrations,phase-two,phase-two,55,no,21,1420,1,"stripe hubspot integration (vol 210, pos 54) | linear integration (vol 170, pos 3) | envoy slack integration (vol 140, pos 48) | salesforce google ads integration (vol 110, pos 76)",1,integration,https://llms.myaifrontdesk.com/integrations-google-calendar,"integration page only if product support is real ; SEMrush relevant evidence: 21 rows, aggregate volume 1420",Do not publish unless integration is supported or roadmap language is approved.,Article/FAQPage as applicable,Link from /iris/ and relevant feature/solution hubs; cross-link feature <-> vertical when feature solves vertical job.
Iris Platform,/iris/integrations/integrations/,Integrations,integration,integrations,phase-two,phase-two,55,no,21,1420,1,"stripe hubspot integration (vol 210, pos 54) | linear integration (vol 170, pos 3) | envoy slack integration (vol 140, pos 48) | salesforce google ads integration (vol 110, pos 76)",1,integration,https://llms.myaifrontdesk.com/integrations,"integration page only if product support is real ; SEMrush relevant evidence: 21 rows, aggregate volume 1420",Do not publish unless integration is supported or roadmap language is approved.,Article/FAQPage as applicable,Link from /iris/ and relevant feature/solution hubs; cross-link feature <-> vertical when feature solves vertical job.
Iris Platform,/iris/integrations/outlook-microsoft-bookings-integration/,Outlook Microsoft Bookings Integration,integration,integrations,phase-two,phase-two,55,no,21,1420,1,"stripe hubspot integration (vol 210, pos 54) | linear integration (vol 170, pos 3) | envoy slack integration (vol 140, pos 48) | salesforce google ads integration (vol 110, pos 76)",1,integration,https://llms.myaifrontdesk.com/outlook-microsoft-bookings-integration,"integration page only if product support is real ; SEMrush relevant evidence: 21 rows, aggregate volume 1420",Do not publish unless integration is supported or roadmap language is approved.,Article/FAQPage as applicable,Link from /iris/ and relevant feature/solution hubs; cross-link feature <-> vertical when feature solves vertical job.
Iris Platform,/iris/integrations/pms-workflows-yardi-realpage-entrata-knock/,Pms Workflows Yardi Realpage Entrata Knock,integration,integrations,phase-two,phase-two,55,no,21,1420,1,"stripe hubspot integration (vol 210, pos 54) | linear integration (vol 170, pos 3) | envoy slack integration (vol 140, pos 48) | salesforce google ads integration (vol 110, pos 76)",1,integration,https://llms.myaifrontdesk.com/pms-workflows-yardi-realpage-entrata-knock,"integration page only if product support is real ; SEMrush relevant evidence: 21 rows, aggregate volume 1420",Do not publish unless integration is supported or roadmap language is approved.,Article/FAQPage as applicable,Link from /iris/ and relevant feature/solution hubs; cross-link feature <-> vertical when feature solves vertical job.
Iris Platform,/iris/integrations/salesforce-call-logging-contact-creation/,Salesforce Call Logging Contact Creation,integration,integrations,phase-two,phase-two,55,no,21,1420,1,"stripe hubspot integration (vol 210, pos 54) | linear integration (vol 170, pos 3) | envoy slack integration (vol 140, pos 48) | salesforce google ads integration (vol 110, pos 76)",1,integration,https://llms.myaifrontdesk.com/salesforce-call-logging-contact-creation,"integration page only if product support is real ; SEMrush relevant evidence: 21 rows, aggregate volume 1420",Do not publish unless integration is supported or roadmap language is approved.,Article/FAQPage as applicable,Link from /iris/ and relevant feature/solution hubs; cross-link feature <-> vertical when feature solves vertical job.
Iris Platform,/iris/integrations/zapier-integration/,Zapier Integration,integration,integrations,phase-two,phase-two,55,no,21,1420,1,"stripe hubspot integration (vol 210, pos 54) | linear integration (vol 170, pos 3) | envoy slack integration (vol 140, pos 48) | salesforce google ads integration (vol 110, pos 76)",1,integration,https://llms.myaifrontdesk.com/zapier-integration,"integration page only if product support is real ; SEMrush relevant evidence: 21 rows, aggregate volume 1420",Do not publish unless integration is supported or roadmap language is approved.,Article/FAQPage as applicable,Link from /iris/ and relevant feature/solution hubs; cross-link feature <-> vertical when feature solves vertical job.
Iris Platform,/iris/resources/ai-front-desk-onboarding-setup-checklist/,Ai Front Desk Onboarding Setup Checklist,resource,ai-front-desk-onboarding-setup-checklist,supporting-resource,phase-two,25,no,0,0,,,1,supporting-resource,https://llms.myaifrontdesk.com/ai-front-desk-onboarding-setup-checklist,"AEO/GEO support candidate, not core launch page",,Article/FAQPage as applicable,Link from /iris/ and relevant feature/solution hubs; cross-link feature <-> vertical when feature solves vertical job.
Iris Platform,/iris/resources/ai-receptionist-boundaries-escalation-guardrails/,Ai Receptionist Boundaries Escalation Guardrails,resource,ai-receptionist-boundaries-escalation-guardrails,supporting-resource,phase-two,25,no,0,0,,,1,supporting-resource,https://llms.myaifrontdesk.com/ai-receptionist-boundaries-escalation-guardrails,"AEO/GEO support candidate, not core launch page",,Article/FAQPage as applicable,Link from /iris/ and relevant feature/solution hubs; cross-link feature <-> vertical when feature solves vertical job.
Iris Platform,/iris/resources/ai-receptionist-call-quality-reliability/,Ai Receptionist Call Quality Reliability,resource,ai-receptionist-call-quality-reliability,supporting-resource,phase-two,25,no,0,0,,,1,supporting-resource,https://llms.myaifrontdesk.com/ai-receptionist-call-quality-reliability,"AEO/GEO support candidate, not core launch page",,Article/FAQPage as applicable,Link from /iris/ and relevant feature/solution hubs; cross-link feature <-> vertical when feature solves vertical job.
Iris Platform,/iris/resources/ai-receptionist-persona-guide/,Ai Receptionist Persona Guide,resource,ai-receptionist-persona-guide,supporting-resource,phase-two,25,no,0,0,,,1,supporting-resource,https://llms.myaifrontdesk.com/ai-receptionist-persona-guide,"AEO/GEO support candidate, not core launch page",,Article/FAQPage as applicable,Link from /iris/ and relevant feature/solution hubs; cross-link feature <-> vertical when feature solves vertical job.
Iris Platform,/iris/resources/ai-training-data-policy/,Ai Training Data Policy,resource,ai-training-data-policy,supporting-resource,phase-two,25,no,0,0,,,1,supporting-resource,https://llms.myaifrontdesk.com/ai-training-data-policy,"AEO/GEO support candidate, not core launch page",,Article/FAQPage as applicable,Link from /iris/ and relevant feature/solution hubs; cross-link feature <-> vertical when feature solves vertical job.
Iris Platform,/iris/resources/automotive-service-ai-playbook/,Automotive Service Ai Playbook,resource,automotive-service-ai-playbook,supporting-resource,phase-two,25,no,0,0,,,1,supporting-resource,https://llms.myaifrontdesk.com/automotive-service-ai-playbook,"AEO/GEO support candidate, not core launch page",,Article/FAQPage as applicable,Link from /iris/ and relevant feature/solution hubs; cross-link feature <-> vertical when feature solves vertical job.
Iris Platform,/iris/resources/call-summary/,Call Summary,resource,call-summary,supporting-resource,phase-two,25,no,0,0,,,1,glossary-resource,https://www.myaifrontdesk.com/crm-glossary/call-summary,"AEO/GEO support candidate, not core launch page",,Article/FAQPage as applicable,Link from /iris/ and relevant feature/solution hubs; cross-link feature <-> vertical when feature solves vertical job.
Iris Platform,/iris/resources/conversation-intelligence/,Conversation Intelligence,resource,conversation-intelligence,supporting-resource,phase-two,25,no,0,0,,,1,glossary-resource,https://www.myaifrontdesk.com/crm-glossary/conversation-intelligence,"AEO/GEO support candidate, not core launch page",,Article/FAQPage as applicable,Link from /iris/ and relevant feature/solution hubs; cross-link feature <-> vertical when feature solves vertical job.
Iris Platform,/iris/resources/crm-glossary/,Crm Glossary,resource,crm-glossary,supporting-resource,phase-two,25,no,0,0,,,1,glossary-resource,https://www.myaifrontdesk.com/crm-glossary,"AEO/GEO support candidate, not core launch page",,Article/FAQPage as applicable,Link from /iris/ and relevant feature/solution hubs; cross-link feature <-> vertical when feature solves vertical job.
Iris Platform,/iris/resources/crm-migration/,Crm Migration,resource,crm-migration,supporting-resource,phase-two,25,no,0,0,,,1,glossary-resource,https://www.myaifrontdesk.com/crm-glossary/crm-migration,"AEO/GEO support candidate, not core launch page",,Article/FAQPage as applicable,Link from /iris/ and relevant feature/solution hubs; cross-link feature <-> vertical when feature solves vertical job.
Iris Platform,/iris/resources/fitness-studio-ai-receptionist-playbook/,Fitness Studio Ai Receptionist Playbook,resource,fitness-studio-ai-receptionist-playbook,supporting-resource,phase-two,25,no,0,0,,,1,supporting-resource,https://llms.myaifrontdesk.com/fitness-studio-ai-receptionist-playbook,"AEO/GEO support candidate, not core launch page",,Article/FAQPage as applicable,Link from /iris/ and relevant feature/solution hubs; cross-link feature <-> vertical when feature solves vertical job.
Iris Platform,/iris/resources/healthcare-dental-fit-guide/,Healthcare Dental Fit Guide,resource,healthcare-dental-fit-guide,supporting-resource,phase-two,25,no,0,0,,,1,supporting-resource,https://llms.myaifrontdesk.com/healthcare-dental-fit-guide,"AEO/GEO support candidate, not core launch page",,Article/FAQPage as applicable,Link from /iris/ and relevant feature/solution hubs; cross-link feature <-> vertical when feature solves vertical job.
Iris Platform,/iris/resources/home-services-roi/,Home Services Roi,resource,home-services-roi,supporting-resource,phase-two,25,no,0,0,,,1,roi-pricing-tool,https://llms.myaifrontdesk.com/home-services-roi,"AEO/GEO support candidate, not core launch page",,Article/FAQPage as applicable,Link from /iris/ and relevant feature/solution hubs; cross-link feature <-> vertical when feature solves vertical job.
Iris Platform,/iris/resources/law-firm-intake-playbook-ai-receptionist/,Law Firm Intake Playbook Ai Receptionist,resource,law-firm-intake-playbook-ai-receptionist,supporting-resource,phase-two,25,no,0,0,,,1,supporting-resource,https://llms.myaifrontdesk.com/law-firm-intake-playbook-ai-receptionist,"AEO/GEO support candidate, not core launch page",,Article/FAQPage as applicable,Link from /iris/ and relevant feature/solution hubs; cross-link feature <-> vertical when feature solves vertical job.
Iris Platform,/iris/resources/lead-enrichment/,Lead Enrichment,resource,lead-enrichment,supporting-resource,phase-two,25,no,0,0,,,1,glossary-resource,https://www.myaifrontdesk.com/crm-glossary/lead-enrichment,"AEO/GEO support candidate, not core launch page",,Article/FAQPage as applicable,Link from /iris/ and relevant feature/solution hubs; cross-link feature <-> vertical when feature solves vertical job.
Iris Platform,/iris/resources/lead-scoring/,Lead Scoring,resource,lead-scoring,supporting-resource,phase-two,25,no,0,0,,,1,glossary-resource,https://www.myaifrontdesk.com/crm-glossary/lead-scoring,"AEO/GEO support candidate, not core launch page",,Article/FAQPage as applicable,Link from /iris/ and relevant feature/solution hubs; cross-link feature <-> vertical when feature solves vertical job.
Iris Platform,/iris/resources/my-ai-front-desk-product-guide/,My Ai Front Desk Product Guide,resource,my-ai-front-desk-product-guide,supporting-resource,phase-two,25,no,0,0,,,1,supporting-resource,https://llms.myaifrontdesk.com/my-ai-front-desk-product-guide,"AEO/GEO support candidate, not core launch page",,Article/FAQPage as applicable,Link from /iris/ and relevant feature/solution hubs; cross-link feature <-> vertical when feature solves vertical job.
Iris Platform,/iris/resources/pipeline-velocity/,Pipeline Velocity,resource,pipeline-velocity,supporting-resource,phase-two,25,no,0,0,,,1,glossary-resource,https://www.myaifrontdesk.com/crm-glossary/pipeline-velocity,"AEO/GEO support candidate, not core launch page",,Article/FAQPage as applicable,Link from /iris/ and relevant feature/solution hubs; cross-link feature <-> vertical when feature solves vertical job.
Iris Platform,/iris/resources/pricing-copy/,Pricing Copy,resource,pricing-copy,supporting-resource,phase-two,25,no,0,0,,,1,roi-pricing-tool,https://llms.myaifrontdesk.com/pricing-copy,"AEO/GEO support candidate, not core launch page",,Article/FAQPage as applicable,Link from /iris/ and relevant feature/solution hubs; cross-link feature <-> vertical when feature solves vertical job.
Iris Platform,/iris/resources/pricing-usage/,Pricing Usage,resource,pricing-usage,supporting-resource,phase-two,25,no,0,0,,,1,roi-pricing-tool,https://llms.myaifrontdesk.com/pricing-usage,"AEO/GEO support candidate, not core launch page",,Article/FAQPage as applicable,Link from /iris/ and relevant feature/solution hubs; cross-link feature <-> vertical when feature solves vertical job.
Iris Platform,/iris/resources/pricing/,Pricing,resource,pricing,supporting-resource,phase-two,25,no,0,0,,,2,roi-pricing-tool,https://www.myaifrontdesk.com/pricing,"AEO/GEO support candidate, not core launch page",,Article/FAQPage as applicable,Link from /iris/ and relevant feature/solution hubs; cross-link feature <-> vertical when feature solves vertical job.
Iris Platform,/iris/resources/privacy-data-handling-compliance/,Privacy Data Handling Compliance,resource,privacy-data-handling-compliance,supporting-resource,phase-two,25,no,0,0,,,1,supporting-resource,https://llms.myaifrontdesk.com/privacy-data-handling-compliance,"AEO/GEO support candidate, not core launch page",,Article/FAQPage as applicable,Link from /iris/ and relevant feature/solution hubs; cross-link feature <-> vertical when feature solves vertical job.
Iris Platform,/iris/resources/privacy-policy/,Privacy Policy,resource,privacy-policy,supporting-resource,phase-two,25,no,0,0,,,2,supporting-resource,https://www.myaifrontdesk.com/privacy-policy,"AEO/GEO support candidate, not core launch page",,Article/FAQPage as applicable,Link from /iris/ and relevant feature/solution hubs; cross-link feature <-> vertical when feature solves vertical job.
Iris Platform,/iris/resources/property-management-playbook-ai-automation/,Property Management Playbook Ai Automation,resource,property-management-playbook-ai-automation,supporting-resource,phase-two,25,no,0,0,,,1,supporting-resource,https://llms.myaifrontdesk.com/property-management-playbook-ai-automation,"AEO/GEO support candidate, not core launch page",,Article/FAQPage as applicable,Link from /iris/ and relevant feature/solution hubs; cross-link feature <-> vertical when feature solves vertical job.
Iris Platform,/iris/resources/roi-ai-receptionist-vs-human-answering/,Roi Ai Receptionist Vs Human Answering,resource,roi-ai-receptionist-vs-human-answering,supporting-resource,phase-two,25,no,0,0,,,1,roi-pricing-tool,https://llms.myaifrontdesk.com/roi-ai-receptionist-vs-human-answering,"AEO/GEO support candidate, not core launch page",,Article/FAQPage as applicable,Link from /iris/ and relevant feature/solution hubs; cross-link feature <-> vertical when feature solves vertical job.
Iris Platform,/iris/resources/sales-cadence/,Sales Cadence,resource,sales-cadence,supporting-resource,phase-two,25,no,0,0,,,1,glossary-resource,https://www.myaifrontdesk.com/crm-glossary/sales-cadence,"AEO/GEO support candidate, not core launch page",,Article/FAQPage as applicable,Link from /iris/ and relevant feature/solution hubs; cross-link feature <-> vertical when feature solves vertical job.
Iris Platform,/iris/resources/setup-in-minutes/,Setup In Minutes,resource,setup-in-minutes,supporting-resource,phase-two,25,no,0,0,,,1,supporting-resource,https://llms.myaifrontdesk.com/setup-in-minutes,"AEO/GEO support candidate, not core launch page",,Article/FAQPage as applicable,Link from /iris/ and relevant feature/solution hubs; cross-link feature <-> vertical when feature solves vertical job.
Iris Platform,/iris/resources/speed-to-lead/,Speed To Lead,resource,speed-to-lead,supporting-resource,phase-two,25,no,0,0,,,1,glossary-resource,https://www.myaifrontdesk.com/crm-glossary/speed-to-lead,"AEO/GEO support candidate, not core launch page",,Article/FAQPage as applicable,Link from /iris/ and relevant feature/solution hubs; cross-link feature <-> vertical when feature solves vertical job.
Iris Platform,/iris/resources/support-by-plan/,Support By Plan,resource,support-by-plan,supporting-resource,phase-two,25,no,0,0,,,1,supporting-resource,https://llms.myaifrontdesk.com/support-by-plan,"AEO/GEO support candidate, not core launch page",,Article/FAQPage as applicable,Link from /iris/ and relevant feature/solution hubs; cross-link feature <-> vertical when feature solves vertical job.
Iris Platform,/iris/resources/supported-languages/,Supported Languages,resource,supported-languages,supporting-resource,phase-two,25,no,0,0,,,1,supporting-resource,https://llms.myaifrontdesk.com/supported-languages,"AEO/GEO support candidate, not core launch page",,Article/FAQPage as applicable,Link from /iris/ and relevant feature/solution hubs; cross-link feature <-> vertical when feature solves vertical job.
Iris Platform,/iris/resources/system-of-record/,System Of Record,resource,system-of-record,supporting-resource,phase-two,25,no,0,0,,,1,glossary-resource,https://www.myaifrontdesk.com/crm-glossary/system-of-record,"AEO/GEO support candidate, not core launch page",,Article/FAQPage as applicable,Link from /iris/ and relevant feature/solution hubs; cross-link feature <-> vertical when feature solves vertical job.
Iris Platform,/iris/resources/what-is-a-sales-pipeline/,What Is A Sales Pipeline,resource,what-is-a-sales-pipeline,supporting-resource,phase-two,25,no,0,0,,,1,glossary-resource,https://www.myaifrontdesk.com/crm-glossary/what-is-a-sales-pipeline,"AEO/GEO support candidate, not core launch page",,Article/FAQPage as applicable,Link from /iris/ and relevant feature/solution hubs; cross-link feature <-> vertical when feature solves vertical job.
Iris Platform,/iris/resources/what-is-an-ai-crm/,What Is An Ai Crm,resource,what-is-an-ai-crm,supporting-resource,phase-two,25,no,0,0,,,1,glossary-resource,https://www.myaifrontdesk.com/crm-glossary/what-is-an-ai-crm,"AEO/GEO support candidate, not core launch page",,Article/FAQPage as applicable,Link from /iris/ and relevant feature/solution hubs; cross-link feature <-> vertical when feature solves vertical job.
Iris Platform,/iris/resources/what-is-crm/,What Is Crm,resource,what-is-crm,supporting-resource,phase-two,25,no,0,0,,,1,glossary-resource,https://www.myaifrontdesk.com/crm-glossary/what-is-crm,"AEO/GEO support candidate, not core launch page",,Article/FAQPage as applicable,Link from /iris/ and relevant feature/solution hubs; cross-link feature <-> vertical when feature solves vertical job.
