wing,source_url,status,error,title,description,h1,h2_sample,observed_page_intent
dotfun AI Solutions,https://deviniti.com/services/custom-ai-agent-llm-agent-development/,200,,Custom AI Agent development services | Deviniti,We offer a complete package of expertise and resources to develop your custom AI Agent. We have live projects in banking.,Custom AI Agent development for domain-specific tasks,Atlassian Products | Atlassian Apps | monday.com | Freshworks | DevOps tools | Atlassian Services and Support | Generative AI Development | monday.com Services | Solutions | Company | Deviniti in the spotlight | Resources,custom AI/dev services
dotfun AI Solutions,https://www.effectivesoft.com/ai-agent-development.html,200,,AI Agent Development Services - EffectiveSoft,"Looking for an AI agent development company? We create intelligent AI agents to automate processes, optimize decisions, and transform your business.",AI Agent Development Company,Industry recognition | Our AI agent development services | Why build agentic AI systems with EffectiveSoft? | We develop the most in-demand AI agents for your needs | What about you? | Industries we serve | Advanced capabilities of our AI agents | Our custom AI agent development process | We partner with the best | Why choose EffectiveSoft? | Our AI agent development tech stack | FAQ about AI agent development,custom AI/dev services
dotfun AI Solutions,https://appinventiv.com/ai-agent-development-services/,200,,AI Agent Development Services | AI Agent Development Company,Explore end-to-end AI agent development services from a trusted AI agent development company for scalable business solutions.,AI Agent Development Services,Our Core Capabilities | Comprehensive AI Agent Development Services We Deliver | AI Agents in Action: Proven Results Across Industries | Hear It From the Leaders Who Work With Us | Types of AI Agents We Build for Your Business | AI Agent Development Services to Drive Business Functions Across Industries | How AI Agents Deliver Value to Your Business | Compliance & Security Standards We Follow As a Custom AI Agent Development Company | Why Global Enterprises Trust Appinventiv for AI Agent Development Services | Awards and Recognitions Backing Our Digital Engineering Leadership | Our Strategic Industry Partnerships | AI Models We Leverage for Custom AI Agent Development,custom AI/dev services
dotfun AI Solutions,https://www.npgroup.net/automation/ai-agent-development/,200,,Custom AI Agent Development Company | We Build Custom AI Agents for Your Business | NP Group,"Create intelligent AI agents tailored to your business needs. Our Custom AI Agent Development services help automate tasks, enhance customer interactions, and improve decision-making with custom-built AI solutions.",We Build Custom AI Agents for Your Business,"What is an AI Agent? | What kind of agents have we built? | Custom AI Agent Development Services | AI Agents Are Not Rocket Science | Our Process | Why Choose Our AI Agent Development Services | Have Questions ? | Ready to Develop Your Custom Intelligent AI Agent?"" | Get Started With Your Project",custom AI/dev services
dotfun AI Solutions,https://tech.us/services/ai-agents-development,200,,AI Agent Development Services | Custom AI Agent,"Build custom AI agents to automate workflows and improve efficiency with Tech.us. Explore AI Agent Development Services designed to streamline operations.
",AI Agent Development Services,"Fortune 500 Companies, SMBs, and Startups Trust Tech.us as a Reliable Partner in Building Smart AI Agents. | AI Agent Development Services We Offer | Custom AI Agent Development | Integrating AI Agents | Intelligent Process Automation (IPA) | AI Agent Security and Compliance | AI Agents Training | Deploying AI Agents | Why Tech.us | 25+ Years of Tech Prowess | Agile Team | Proven Record",custom AI/dev services
dotfun AI Solutions,https://www.nerdery.com/ai-agent-development-services/,,<HTTPError 403: 'Forbidden'>,,,,,custom AI/dev services
dotfun Growth Services,https://www.o8.agency/services/fractional/fractional-marketing-agency,,<HTTPError 403: 'Forbidden'>,,,,,growth/fractional/service agency
dotfun Growth Services,https://movingminds.io/,200,,Fractional CMO Services & Multi-Channel Marketing Teams | Moving Minds,Scale your company’s growth faster and smarter with Moving Minds’ Fractional CMOs and multi-channel marketing teams — from strategy through execution.,GROWTH AS A MANAGED SERVICE ™,"TRUSTED BY GROWTH-STAGE STARTUPS, THE FORTUNE 500 & PRIVATE EQUITY PORTFOLIO COMPANIES | WE CREATED A FASTER, SMARTER MODEL FOR REVENUE GROWTH & MARKETING PERFORMANCE | EVERYTHING YOU’D EXPECT FROM A REVENUE-DRIVING MARKETING DEPARTMENT — WITHOUT BUILDING ONE | WHEN YOU’RE BETTING BIG ON GROWTH, PICK A PROVEN PARTNER | INTEGRATED TEAMS. FRACTIONAL CMOS. ONE POINT OF ACCOUNTABILITY. | REAL ROI & SYNERGY ACROSS EVERY MARKETING CHANNEL | ACCELERATE GROWTH WITH A READY-TO-GO MARKETING ENGINE | READY TO PUT YOUR MARKETING ON AUTOPILOT?",growth/fractional/service agency
dotfun Growth Services,https://nogood.io/blog/ai-marketing-agency/,,<HTTPError 403: 'Forbidden'>,,,,,growth/fractional/service agency
dotfun Growth Services,https://www.klagroup.com/digital-marketing-services/seo-aeo-services/,,"URLError(SSLError(1, '[SSL: TLSV1_ALERT_PROTOCOL_VERSION] tlsv1 alert protocol version (_ssl.c:1129)'))",,,,,growth/fractional/service agency
dotfun Growth Services,https://logicalmediagroup.com/fractional-cmo-services/,,<HTTPError 403: 'Forbidden'>,,,,,growth/fractional/service agency
dotfun Growth Services,https://boundlessmarketing.com/services/fractional-cmo/,200,,Fractional CMO Agency | Outsourced Chief Marketing Officer,"Through our B2B Fractional CMO agency and outsourced Chief Marketing Officer services, we provide strategic leadership to drive growth and conquer challenges.",Fractional CMO Agency,"Fractional CMO Services | Conquer B2B Marketing Challenges With a Fractional Chief Marketing Officer | No Marketing Leadership? The Painful Truth and Impact. | What is a Fractional CMO? | Our Fractional CMO Services for B2B Companies | Why Hire a B2B Fractional CMO? | How Our Outsourced CMO Can Help | Fractional CMO Services: Specializing in B2B SaaS, Software, IT Services, and MSP Marketing | Strategic Marketing Leadership | Part-Time Executive Team Support | Strategic Marketing Project Support | Marketing Advisory Services",growth/fractional/service agency
