wing,candidate,candidate_url,evidence_source,evidence_url,evidence_count,evidence_type,page_value_initial,implication,additional_evidence
Iris Platform,Pricing,/iris/resources/pricing/,My AI Front Desk,https://www.myaifrontdesk.com/pricing,2,roi-pricing-tool,needs-scoring,Supporting AEO/GEO resource candidate., | https://llms.myaifrontdesk.com/pricing
Iris Platform,Ai Phone Receptionist,/iris/features/ai-phone-receptionist/,My AI Front Desk,https://www.myaifrontdesk.com/platform/ai-phone-receptionist,1,feature,needs-scoring,Validate as Iris feature page if product capability exists.,
Iris Platform,Ai Web Chatbot,/iris/features/ai-web-chatbot/,My AI Front Desk,https://www.myaifrontdesk.com/platform/ai-web-chatbot,1,feature,needs-scoring,Validate as Iris feature page if product capability exists.,
Iris Platform,Sms Texting Agent,/iris/features/sms-texting-agent/,My AI Front Desk,https://www.myaifrontdesk.com/platform/sms-texting-agent,1,feature,needs-scoring,Validate as Iris feature page if product capability exists.,
Iris Platform,Ai Crm,/iris/features/ai-crm/,My AI Front Desk,https://www.myaifrontdesk.com/platform/ai-crm,1,feature,needs-scoring,Validate as Iris feature page if product capability exists.,
Iris Platform,Dashboards Reporting,/iris/features/dashboards-reporting/,My AI Front Desk,https://www.myaifrontdesk.com/platform/dashboards-reporting,1,feature,needs-scoring,Validate as Iris feature page if product capability exists.,
Iris Platform,Website Forms,/iris/features/website-forms/,My AI Front Desk,https://www.myaifrontdesk.com/platform/website-forms,1,feature,needs-scoring,Validate as Iris feature page if product capability exists.,
Iris Platform,Ai Calendar,/iris/features/ai-calendar/,My AI Front Desk,https://www.myaifrontdesk.com/platform/ai-calendar,1,feature,needs-scoring,Validate as Iris feature page if product capability exists.,
Iris Platform,Automated Outbound Calls,/iris/features/automated-outbound-calls/,My AI Front Desk,https://www.myaifrontdesk.com/platform/automated-outbound-calls,1,feature,needs-scoring,Validate as Iris feature page if product capability exists.,
Iris Platform,Smart Tickets,/iris/features/smart-tickets/,My AI Front Desk,https://www.myaifrontdesk.com/platform/smart-tickets,1,feature,needs-scoring,Validate as Iris feature page if product capability exists.,
Iris Platform,Smart Notifications,/iris/features/smart-notifications/,My AI Front Desk,https://www.myaifrontdesk.com/platform/smart-notifications,1,feature,needs-scoring,Validate as Iris feature page if product capability exists.,
Iris Platform,Automated Outbound Sms,/iris/features/automated-outbound-sms/,My AI Front Desk,https://www.myaifrontdesk.com/platform/automated-outbound-sms,1,feature,needs-scoring,Validate as Iris feature page if product capability exists.,
Iris Platform,Crm Reimagined For The Ai Age,/iris/compare/crm-reimagined-for-the-ai-age/,My AI Front Desk,https://www.myaifrontdesk.com/crm-reimagined-for-the-ai-age,1,comparison,needs-scoring,Phase-two comparison candidate; requires careful claims/proof.,
Iris Platform,Multifamily,/iris/solutions/multifamily/,My AI Front Desk,https://www.myaifrontdesk.com/multifamily,1,vertical-solution,needs-scoring,Validate as Iris vertical/solution page or supporting vertical resource.,
Iris Platform,Retail,/iris/solutions/retail/,My AI Front Desk,https://www.myaifrontdesk.com/retail,1,vertical-solution,needs-scoring,Validate as Iris vertical/solution page or supporting vertical resource.,
Iris Platform,Therapy,/iris/solutions/therapy/,My AI Front Desk,https://www.myaifrontdesk.com/therapy,1,vertical-solution,needs-scoring,Validate as Iris vertical/solution page or supporting vertical resource.,
Iris Platform,Residential Property Management,/iris/solutions/residential-property-management/,My AI Front Desk,https://www.myaifrontdesk.com/industries-we-serve/residential-property-management,1,vertical-solution,needs-scoring,Validate as Iris vertical/solution page or supporting vertical resource.,
Iris Platform,Real Estate,/iris/solutions/real-estate/,My AI Front Desk,https://www.myaifrontdesk.com/industries-we-serve/real-estate,1,vertical-solution,needs-scoring,Validate as Iris vertical/solution page or supporting vertical resource.,
Iris Platform,Accounting Firms,/iris/solutions/accounting-firms/,My AI Front Desk,https://www.myaifrontdesk.com/industries-we-serve/accounting-firms,1,vertical-solution,needs-scoring,Validate as Iris vertical/solution page or supporting vertical resource.,
Iris Platform,Legal,/iris/solutions/legal/,My AI Front Desk,https://www.myaifrontdesk.com/industries-we-serve/legal,1,vertical-solution,needs-scoring,Validate as Iris vertical/solution page or supporting vertical resource.,
Iris Platform,Automotive,/iris/solutions/automotive/,My AI Front Desk,https://www.myaifrontdesk.com/industries-we-serve/automotive,1,vertical-solution,needs-scoring,Validate as Iris vertical/solution page or supporting vertical resource.,
Iris Platform,Ai Web Voicebot,/iris/features/ai-web-voicebot/,My AI Front Desk,https://www.myaifrontdesk.com/platform/ai-web-voicebot,1,feature,needs-scoring,Validate as Iris feature page if product capability exists.,
Iris Platform,Pbx Call Capture,/iris/features/pbx-call-capture/,My AI Front Desk,https://www.myaifrontdesk.com/platform/pbx-call-capture,1,feature,needs-scoring,Validate as Iris feature page if product capability exists.,
Iris Platform,In Person Meeting Capture,/iris/features/in-person-meeting-capture/,My AI Front Desk,https://www.myaifrontdesk.com/platform/in-person-meeting-capture,1,feature,needs-scoring,Validate as Iris feature page if product capability exists.,
Iris Platform,Ai Leasing Agent,/iris/solutions/ai-leasing-agent/,My AI Front Desk,https://www.myaifrontdesk.com/multifamily/ai-leasing-agent,1,vertical-solution,needs-scoring,Validate as Iris vertical/solution page or supporting vertical resource.,
Iris Platform,Ai Tour No Show Recovery,/iris/solutions/ai-tour-no-show-recovery/,My AI Front Desk,https://www.myaifrontdesk.com/multifamily/ai-tour-no-show-recovery,1,vertical-solution,needs-scoring,Validate as Iris vertical/solution page or supporting vertical resource.,
Iris Platform,Ai Maintenance Request Intake,/iris/solutions/ai-maintenance-request-intake/,My AI Front Desk,https://www.myaifrontdesk.com/multifamily/ai-maintenance-request-intake,1,vertical-solution,needs-scoring,Validate as Iris vertical/solution page or supporting vertical resource.,
Iris Platform,Ai Rent Delinquency Collections,/iris/solutions/ai-rent-delinquency-collections/,My AI Front Desk,https://www.myaifrontdesk.com/multifamily/ai-rent-delinquency-collections,1,vertical-solution,needs-scoring,Validate as Iris vertical/solution page or supporting vertical resource.,
Iris Platform,Ai Lease Renewal Outreach,/iris/solutions/ai-lease-renewal-outreach/,My AI Front Desk,https://www.myaifrontdesk.com/multifamily/ai-lease-renewal-outreach,1,vertical-solution,needs-scoring,Validate as Iris vertical/solution page or supporting vertical resource.,
Iris Platform,Yardi Ai Integration,/iris/solutions/yardi-ai-integration/,My AI Front Desk,https://www.myaifrontdesk.com/multifamily/yardi-ai-integration,1,vertical-solution,needs-scoring,Validate as Iris vertical/solution page or supporting vertical resource.,
Iris Platform,Realpage Ai Integration,/iris/solutions/realpage-ai-integration/,My AI Front Desk,https://www.myaifrontdesk.com/multifamily/realpage-ai-integration,1,vertical-solution,needs-scoring,Validate as Iris vertical/solution page or supporting vertical resource.,
Iris Platform,Appfolio Ai Integration,/iris/solutions/appfolio-ai-integration/,My AI Front Desk,https://www.myaifrontdesk.com/multifamily/appfolio-ai-integration,1,vertical-solution,needs-scoring,Validate as Iris vertical/solution page or supporting vertical resource.,
Iris Platform,Entrata Ai Integration,/iris/solutions/entrata-ai-integration/,My AI Front Desk,https://www.myaifrontdesk.com/multifamily/entrata-ai-integration,1,vertical-solution,needs-scoring,Validate as Iris vertical/solution page or supporting vertical resource.,
Iris Platform,Buildium Ai Integration,/iris/solutions/buildium-ai-integration/,My AI Front Desk,https://www.myaifrontdesk.com/multifamily/buildium-ai-integration,1,vertical-solution,needs-scoring,Validate as Iris vertical/solution page or supporting vertical resource.,
Iris Platform,Elise Ai Alternative,/iris/compare/elise-ai-alternative/,My AI Front Desk,https://www.myaifrontdesk.com/multifamily/elise-ai-alternative,1,comparison,needs-scoring,Phase-two comparison candidate; requires careful claims/proof.,
Iris Platform,Funnel Leasing Alternative,/iris/compare/funnel-leasing-alternative/,My AI Front Desk,https://www.myaifrontdesk.com/multifamily/funnel-leasing-alternative,1,comparison,needs-scoring,Phase-two comparison candidate; requires careful claims/proof.,
Iris Platform,Knock Crm Alternative,/iris/compare/knock-crm-alternative/,My AI Front Desk,https://www.myaifrontdesk.com/multifamily/knock-crm-alternative,1,comparison,needs-scoring,Phase-two comparison candidate; requires careful claims/proof.,
Iris Platform,Leasehawk Alternative,/iris/compare/leasehawk-alternative/,My AI Front Desk,https://www.myaifrontdesk.com/multifamily/leasehawk-alternative,1,comparison,needs-scoring,Phase-two comparison candidate; requires careful claims/proof.,
Iris Platform,Appfolio Leasing Ai,/iris/solutions/appfolio-leasing-ai/,My AI Front Desk,https://www.myaifrontdesk.com/multifamily/appfolio-leasing-ai,1,vertical-solution,needs-scoring,Validate as Iris vertical/solution page or supporting vertical resource.,
Iris Platform,Yardi Ai Leasing Agent,/iris/solutions/yardi-ai-leasing-agent/,My AI Front Desk,https://www.myaifrontdesk.com/multifamily/yardi-ai-leasing-agent,1,vertical-solution,needs-scoring,Validate as Iris vertical/solution page or supporting vertical resource.,
Iris Platform,Ai For Property Managers,/iris/solutions/ai-for-property-managers/,My AI Front Desk,https://www.myaifrontdesk.com/multifamily/ai-for-property-managers,1,vertical-solution,needs-scoring,Validate as Iris vertical/solution page or supporting vertical resource.,
Iris Platform,Tools,/iris/solutions/tools/,My AI Front Desk,https://www.myaifrontdesk.com/multifamily/tools,3,vertical-solution,needs-scoring,Validate as Iris vertical/solution page or supporting vertical resource., | https://www.myaifrontdesk.com/retail/tools | https://www.myaifrontdesk.com/therapy/tools
Iris Platform,Roi Calculator,/iris/solutions/roi-calculator/,My AI Front Desk,https://www.myaifrontdesk.com/multifamily/tools/roi-calculator,3,vertical-solution,needs-scoring,Validate as Iris vertical/solution page or supporting vertical resource., | https://www.myaifrontdesk.com/retail/tools/roi-calculator | https://www.myaifrontdesk.com/therapy/tools/roi-calculator
Iris Platform,Prompt Library,/iris/solutions/prompt-library/,My AI Front Desk,https://www.myaifrontdesk.com/multifamily/tools/prompt-library,3,vertical-solution,needs-scoring,Validate as Iris vertical/solution page or supporting vertical resource., | https://www.myaifrontdesk.com/retail/tools/prompt-library | https://www.myaifrontdesk.com/therapy/tools/prompt-library
Iris Platform,Reports,/iris/solutions/reports/,My AI Front Desk,https://www.myaifrontdesk.com/multifamily/reports,3,vertical-solution,needs-scoring,Validate as Iris vertical/solution page or supporting vertical resource., | https://www.myaifrontdesk.com/retail/reports | https://www.myaifrontdesk.com/therapy/reports
Iris Platform,Ai Store Receptionist,/iris/solutions/ai-store-receptionist/,My AI Front Desk,https://www.myaifrontdesk.com/retail/ai-store-receptionist,1,vertical-solution,needs-scoring,Validate as Iris vertical/solution page or supporting vertical resource.,
Iris Platform,Ai Order Status Lookup,/iris/solutions/ai-order-status-lookup/,My AI Front Desk,https://www.myaifrontdesk.com/retail/ai-order-status-lookup,1,vertical-solution,needs-scoring,Validate as Iris vertical/solution page or supporting vertical resource.,
Iris Platform,Ai Abandoned Cart Recovery,/iris/solutions/ai-abandoned-cart-recovery/,My AI Front Desk,https://www.myaifrontdesk.com/retail/ai-abandoned-cart-recovery,1,vertical-solution,needs-scoring,Validate as Iris vertical/solution page or supporting vertical resource.,
Iris Platform,Ai Returns Management,/iris/solutions/ai-returns-management/,My AI Front Desk,https://www.myaifrontdesk.com/retail/ai-returns-management,1,vertical-solution,needs-scoring,Validate as Iris vertical/solution page or supporting vertical resource.,
Iris Platform,Ai Amazon Seller Support,/iris/solutions/ai-amazon-seller-support/,My AI Front Desk,https://www.myaifrontdesk.com/retail/ai-amazon-seller-support,1,vertical-solution,needs-scoring,Validate as Iris vertical/solution page or supporting vertical resource.,
Iris Platform,Shopify Ai Integration,/iris/solutions/shopify-ai-integration/,My AI Front Desk,https://www.myaifrontdesk.com/retail/shopify-ai-integration,1,vertical-solution,needs-scoring,Validate as Iris vertical/solution page or supporting vertical resource.,
Iris Platform,Woocommerce Ai Integration,/iris/solutions/woocommerce-ai-integration/,My AI Front Desk,https://www.myaifrontdesk.com/retail/woocommerce-ai-integration,1,vertical-solution,needs-scoring,Validate as Iris vertical/solution page or supporting vertical resource.,
Iris Platform,Klaviyo Ai Integration,/iris/solutions/klaviyo-ai-integration/,My AI Front Desk,https://www.myaifrontdesk.com/retail/klaviyo-ai-integration,1,vertical-solution,needs-scoring,Validate as Iris vertical/solution page or supporting vertical resource.,
Iris Platform,Ai Receptionist Aba Therapy,/iris/solutions/ai-receptionist-aba-therapy/,My AI Front Desk,https://www.myaifrontdesk.com/therapy/ai-receptionist-aba-therapy,1,vertical-solution,needs-scoring,Validate as Iris vertical/solution page or supporting vertical resource.,
Iris Platform,Ai Receptionist Speech Therapy,/iris/solutions/ai-receptionist-speech-therapy/,My AI Front Desk,https://www.myaifrontdesk.com/therapy/ai-receptionist-speech-therapy,1,vertical-solution,needs-scoring,Validate as Iris vertical/solution page or supporting vertical resource.,
Iris Platform,Ai Receptionist Mental Health,/iris/solutions/ai-receptionist-mental-health/,My AI Front Desk,https://www.myaifrontdesk.com/therapy/ai-receptionist-mental-health,1,vertical-solution,needs-scoring,Validate as Iris vertical/solution page or supporting vertical resource.,
Iris Platform,Ai Therapy No Show Recovery,/iris/solutions/ai-therapy-no-show-recovery/,My AI Front Desk,https://www.myaifrontdesk.com/therapy/ai-therapy-no-show-recovery,1,vertical-solution,needs-scoring,Validate as Iris vertical/solution page or supporting vertical resource.,
Iris Platform,Ai Insurance Eligibility Verification,/iris/solutions/ai-insurance-eligibility-verification/,My AI Front Desk,https://www.myaifrontdesk.com/therapy/ai-insurance-eligibility-verification,1,vertical-solution,needs-scoring,Validate as Iris vertical/solution page or supporting vertical resource.,
Iris Platform,Simplepractice Ai Integration,/iris/solutions/simplepractice-ai-integration/,My AI Front Desk,https://www.myaifrontdesk.com/therapy/simplepractice-ai-integration,1,vertical-solution,needs-scoring,Validate as Iris vertical/solution page or supporting vertical resource.,
Iris Platform,Therapynotes Ai Integration,/iris/solutions/therapynotes-ai-integration/,My AI Front Desk,https://www.myaifrontdesk.com/therapy/therapynotes-ai-integration,1,vertical-solution,needs-scoring,Validate as Iris vertical/solution page or supporting vertical resource.,
Iris Platform,Jane App Ai Integration,/iris/solutions/jane-app-ai-integration/,My AI Front Desk,https://www.myaifrontdesk.com/therapy/jane-app-ai-integration,1,vertical-solution,needs-scoring,Validate as Iris vertical/solution page or supporting vertical resource.,
Iris Platform,Centralreach Ai Integration,/iris/solutions/centralreach-ai-integration/,My AI Front Desk,https://www.myaifrontdesk.com/therapy/centralreach-ai-integration,1,vertical-solution,needs-scoring,Validate as Iris vertical/solution page or supporting vertical resource.,
Iris Platform,Crm Glossary,/iris/resources/crm-glossary/,My AI Front Desk,https://www.myaifrontdesk.com/crm-glossary,1,glossary-resource,needs-scoring,Supporting AEO/GEO resource candidate.,
Iris Platform,What Is Crm,/iris/resources/what-is-crm/,My AI Front Desk,https://www.myaifrontdesk.com/crm-glossary/what-is-crm,1,glossary-resource,needs-scoring,Supporting AEO/GEO resource candidate.,
Iris Platform,What Is An Ai Crm,/iris/resources/what-is-an-ai-crm/,My AI Front Desk,https://www.myaifrontdesk.com/crm-glossary/what-is-an-ai-crm,1,glossary-resource,needs-scoring,Supporting AEO/GEO resource candidate.,
Iris Platform,What Is A Sales Pipeline,/iris/resources/what-is-a-sales-pipeline/,My AI Front Desk,https://www.myaifrontdesk.com/crm-glossary/what-is-a-sales-pipeline,1,glossary-resource,needs-scoring,Supporting AEO/GEO resource candidate.,
Iris Platform,Lead Scoring,/iris/resources/lead-scoring/,My AI Front Desk,https://www.myaifrontdesk.com/crm-glossary/lead-scoring,1,glossary-resource,needs-scoring,Supporting AEO/GEO resource candidate.,
Iris Platform,Lead Enrichment,/iris/resources/lead-enrichment/,My AI Front Desk,https://www.myaifrontdesk.com/crm-glossary/lead-enrichment,1,glossary-resource,needs-scoring,Supporting AEO/GEO resource candidate.,
Iris Platform,Speed To Lead,/iris/resources/speed-to-lead/,My AI Front Desk,https://www.myaifrontdesk.com/crm-glossary/speed-to-lead,1,glossary-resource,needs-scoring,Supporting AEO/GEO resource candidate.,
Iris Platform,Pipeline Velocity,/iris/resources/pipeline-velocity/,My AI Front Desk,https://www.myaifrontdesk.com/crm-glossary/pipeline-velocity,1,glossary-resource,needs-scoring,Supporting AEO/GEO resource candidate.,
Iris Platform,Sales Cadence,/iris/resources/sales-cadence/,My AI Front Desk,https://www.myaifrontdesk.com/crm-glossary/sales-cadence,1,glossary-resource,needs-scoring,Supporting AEO/GEO resource candidate.,
Iris Platform,System Of Record,/iris/resources/system-of-record/,My AI Front Desk,https://www.myaifrontdesk.com/crm-glossary/system-of-record,1,glossary-resource,needs-scoring,Supporting AEO/GEO resource candidate.,
Iris Platform,Crm Migration,/iris/resources/crm-migration/,My AI Front Desk,https://www.myaifrontdesk.com/crm-glossary/crm-migration,1,glossary-resource,needs-scoring,Supporting AEO/GEO resource candidate.,
Iris Platform,Conversation Intelligence,/iris/resources/conversation-intelligence/,My AI Front Desk,https://www.myaifrontdesk.com/crm-glossary/conversation-intelligence,1,glossary-resource,needs-scoring,Supporting AEO/GEO resource candidate.,
Iris Platform,Call Summary,/iris/resources/call-summary/,My AI Front Desk,https://www.myaifrontdesk.com/crm-glossary/call-summary,1,glossary-resource,needs-scoring,Supporting AEO/GEO resource candidate.,
Iris Platform,Best Crm For,/iris/solutions/best-crm-for/,My AI Front Desk,https://www.myaifrontdesk.com/best-crm-for,1,vertical-solution,needs-scoring,Validate as Iris vertical/solution page or supporting vertical resource.,
Iris Platform,Hubspot Alternative,/iris/compare/hubspot-alternative/,My AI Front Desk,https://www.myaifrontdesk.com/hubspot-alternative,1,comparison,needs-scoring,Phase-two comparison candidate; requires careful claims/proof.,
Iris Platform,Salesforce Alternative,/iris/compare/salesforce-alternative/,My AI Front Desk,https://www.myaifrontdesk.com/salesforce-alternative,1,comparison,needs-scoring,Phase-two comparison candidate; requires careful claims/proof.,
Iris Platform,Pipedrive Alternative,/iris/compare/pipedrive-alternative/,My AI Front Desk,https://www.myaifrontdesk.com/pipedrive-alternative,1,comparison,needs-scoring,Phase-two comparison candidate; requires careful claims/proof.,
Iris Platform,Zoho Crm Alternative,/iris/compare/zoho-crm-alternative/,My AI Front Desk,https://www.myaifrontdesk.com/zoho-crm-alternative,1,comparison,needs-scoring,Phase-two comparison candidate; requires careful claims/proof.,
Iris Platform,Monday Crm Alternative,/iris/compare/monday-crm-alternative/,My AI Front Desk,https://www.myaifrontdesk.com/monday-crm-alternative,1,comparison,needs-scoring,Phase-two comparison candidate; requires careful claims/proof.,
Iris Platform,Gohighlevel Alternative,/iris/compare/gohighlevel-alternative/,My AI Front Desk,https://www.myaifrontdesk.com/gohighlevel-alternative,1,comparison,needs-scoring,Phase-two comparison candidate; requires careful claims/proof.,
Iris Platform,Keap Alternative,/iris/compare/keap-alternative/,My AI Front Desk,https://www.myaifrontdesk.com/keap-alternative,1,comparison,needs-scoring,Phase-two comparison candidate; requires careful claims/proof.,
Iris Platform,Close Crm Alternative,/iris/compare/close-crm-alternative/,My AI Front Desk,https://www.myaifrontdesk.com/close-crm-alternative,1,comparison,needs-scoring,Phase-two comparison candidate; requires careful claims/proof.,
Iris Platform,Activecampaign Alternative,/iris/compare/activecampaign-alternative/,My AI Front Desk,https://www.myaifrontdesk.com/activecampaign-alternative,1,comparison,needs-scoring,Phase-two comparison candidate; requires careful claims/proof.,
Iris Platform,Copper Crm Alternative,/iris/compare/copper-crm-alternative/,My AI Front Desk,https://www.myaifrontdesk.com/copper-crm-alternative,1,comparison,needs-scoring,Phase-two comparison candidate; requires careful claims/proof.,
Iris Platform,Freshsales Alternative,/iris/compare/freshsales-alternative/,My AI Front Desk,https://www.myaifrontdesk.com/freshsales-alternative,1,comparison,needs-scoring,Phase-two comparison candidate; requires careful claims/proof.,
Iris Platform,Attio Alternative,/iris/compare/attio-alternative/,My AI Front Desk,https://www.myaifrontdesk.com/attio-alternative,1,comparison,needs-scoring,Phase-two comparison candidate; requires careful claims/proof.,
Iris Platform,Privacy Policy,/iris/resources/privacy-policy/,My AI Front Desk,https://www.myaifrontdesk.com/privacy-policy,2,supporting-resource,needs-scoring,Supporting AEO/GEO resource candidate., | https://llms.myaifrontdesk.com/privacy-policy
Iris Platform,Ai Phone Receptionist/Call Transfers,/iris/features/ai-phone-receptionist/call-transfers/,My AI Front Desk,https://www.myaifrontdesk.com/platform/ai-phone-receptionist/call-transfers,1,feature,needs-scoring,Validate as Iris feature page if product capability exists.,
Iris Platform,Ai Phone Receptionist/Extension Digits,/iris/features/ai-phone-receptionist/extension-digits/,My AI Front Desk,https://www.myaifrontdesk.com/platform/ai-phone-receptionist/extension-digits,1,feature,needs-scoring,Validate as Iris feature page if product capability exists.,
Iris Platform,Ai Phone Receptionist/Knowledge Base,/iris/features/ai-phone-receptionist/knowledge-base/,My AI Front Desk,https://www.myaifrontdesk.com/platform/ai-phone-receptionist/knowledge-base,1,feature,needs-scoring,Validate as Iris feature page if product capability exists.,
Iris Platform,Ai Phone Receptionist/Intake Forms,/iris/features/ai-phone-receptionist/intake-forms/,My AI Front Desk,https://www.myaifrontdesk.com/platform/ai-phone-receptionist/intake-forms,1,feature,needs-scoring,Validate as Iris feature page if product capability exists.,
Iris Platform,Ai Phone Receptionist/Custom Commands,/iris/features/ai-phone-receptionist/custom-commands/,My AI Front Desk,https://www.myaifrontdesk.com/platform/ai-phone-receptionist/custom-commands,1,feature,needs-scoring,Validate as Iris feature page if product capability exists.,
Iris Platform,Ai Phone Receptionist/Voicemail,/iris/features/ai-phone-receptionist/voicemail/,My AI Front Desk,https://www.myaifrontdesk.com/platform/ai-phone-receptionist/voicemail,1,feature,needs-scoring,Validate as Iris feature page if product capability exists.,
Iris Platform,Ai Phone Receptionist/Call Recording,/iris/features/ai-phone-receptionist/call-recording/,My AI Front Desk,https://www.myaifrontdesk.com/platform/ai-phone-receptionist/call-recording,1,feature,needs-scoring,Validate as Iris feature page if product capability exists.,
Iris Platform,Ai Phone Receptionist/Call Memory,/iris/features/ai-phone-receptionist/call-memory/,My AI Front Desk,https://www.myaifrontdesk.com/platform/ai-phone-receptionist/call-memory,1,feature,needs-scoring,Validate as Iris feature page if product capability exists.,
Iris Platform,Ai Phone Receptionist/Multilingual Support,/iris/features/ai-phone-receptionist/multilingual-support/,My AI Front Desk,https://www.myaifrontdesk.com/platform/ai-phone-receptionist/multilingual-support,1,feature,needs-scoring,Validate as Iris feature page if product capability exists.,
Iris Platform,Ai Phone Receptionist/Spam Blocking,/iris/features/ai-phone-receptionist/spam-blocking/,My AI Front Desk,https://www.myaifrontdesk.com/platform/ai-phone-receptionist/spam-blocking,1,feature,needs-scoring,Validate as Iris feature page if product capability exists.,
Iris Platform,Ai Phone Receptionist/Time Controls,/iris/features/ai-phone-receptionist/time-controls/,My AI Front Desk,https://www.myaifrontdesk.com/platform/ai-phone-receptionist/time-controls,1,feature,needs-scoring,Validate as Iris feature page if product capability exists.,
Iris Platform,Ai Phone Receptionist/Pronunciation Guides,/iris/features/ai-phone-receptionist/pronunciation-guides/,My AI Front Desk,https://www.myaifrontdesk.com/platform/ai-phone-receptionist/pronunciation-guides,1,feature,needs-scoring,Validate as Iris feature page if product capability exists.,
Iris Platform,Ai Phone Receptionist/Ambient Noise,/iris/features/ai-phone-receptionist/ambient-noise/,My AI Front Desk,https://www.myaifrontdesk.com/platform/ai-phone-receptionist/ambient-noise,1,feature,needs-scoring,Validate as Iris feature page if product capability exists.,
Iris Platform,Ai Phone Receptionist/Zapier Integration,/iris/features/ai-phone-receptionist/zapier-integration/,My AI Front Desk,https://www.myaifrontdesk.com/platform/ai-phone-receptionist/zapier-integration,1,feature,needs-scoring,Validate as Iris feature page if product capability exists.,
Iris Platform,Ai Phone Receptionist/Api Webhooks,/iris/features/ai-phone-receptionist/api-webhooks/,My AI Front Desk,https://www.myaifrontdesk.com/platform/ai-phone-receptionist/api-webhooks,1,feature,needs-scoring,Validate as Iris feature page if product capability exists.,
Iris Platform,Ai Phone Receptionist/Post Call Sms,/iris/features/ai-phone-receptionist/post-call-sms/,My AI Front Desk,https://www.myaifrontdesk.com/platform/ai-phone-receptionist/post-call-sms,1,feature,needs-scoring,Validate as Iris feature page if product capability exists.,
Iris Platform,Ai Phone Receptionist/Concurrent Calls,/iris/features/ai-phone-receptionist/concurrent-calls/,My AI Front Desk,https://www.myaifrontdesk.com/platform/ai-phone-receptionist/concurrent-calls,1,feature,needs-scoring,Validate as Iris feature page if product capability exists.,
Iris Platform,Ai Phone Receptionist/24 7 Availability,/iris/features/ai-phone-receptionist/24-7-availability/,My AI Front Desk,https://www.myaifrontdesk.com/platform/ai-phone-receptionist/24-7-availability,1,feature,needs-scoring,Validate as Iris feature page if product capability exists.,
Iris Platform,Ai Receptionist Med Spas Consult Booking Overflow,/iris/solutions/ai-receptionist-med-spas-consult-booking-overflow/,My AI Front Desk LLM/AEO,https://llms.myaifrontdesk.com/ai-receptionist-med-spas-consult-booking-overflow,1,vertical-solution,needs-scoring,Validate as Iris vertical/solution page or supporting vertical resource.,
Iris Platform,Hubspot Integration,/iris/integrations/hubspot-integration/,My AI Front Desk LLM/AEO,https://llms.myaifrontdesk.com/hubspot-integration,1,integration,needs-scoring,Integration page only if product support is real.,
Iris Platform,Hubspot Call Logging Contact Creation,/iris/integrations/hubspot-call-logging-contact-creation/,My AI Front Desk LLM/AEO,https://llms.myaifrontdesk.com/hubspot-call-logging-contact-creation,1,integration,needs-scoring,Integration page only if product support is real.,
Iris Platform,Pms Workflows Yardi Realpage Entrata Knock,/iris/integrations/pms-workflows-yardi-realpage-entrata-knock/,My AI Front Desk LLM/AEO,https://llms.myaifrontdesk.com/pms-workflows-yardi-realpage-entrata-knock,1,integration,needs-scoring,Integration page only if product support is real.,
Iris Platform,Evidence Hub Results Roi,/iris/solutions/evidence-hub-results-roi/,My AI Front Desk LLM/AEO,https://llms.myaifrontdesk.com/evidence-hub-results-roi,1,vertical-solution,needs-scoring,Validate as Iris vertical/solution page or supporting vertical resource.,
Iris Platform,Ai Receptionist Alternatives 2025,/iris/compare/ai-receptionist-alternatives-2025/,My AI Front Desk LLM/AEO,https://llms.myaifrontdesk.com/ai-receptionist-alternatives-2025,1,comparison,needs-scoring,Phase-two comparison candidate; requires careful claims/proof.,
Iris Platform,Setup In Minutes,/iris/resources/setup-in-minutes/,My AI Front Desk LLM/AEO,https://llms.myaifrontdesk.com/setup-in-minutes,1,supporting-resource,needs-scoring,Supporting AEO/GEO resource candidate.,
Iris Platform,Real Estate Pricing Roi,/iris/solutions/real-estate-pricing-roi/,My AI Front Desk LLM/AEO,https://llms.myaifrontdesk.com/real-estate-pricing-roi,1,vertical-solution,needs-scoring,Validate as Iris vertical/solution page or supporting vertical resource.,
Iris Platform,Api Developer Integration Guide,/iris/integrations/api-developer-integration-guide/,My AI Front Desk LLM/AEO,https://llms.myaifrontdesk.com/api-developer-integration-guide,1,integration,needs-scoring,Integration page only if product support is real.,
Iris Platform,Pricing Usage,/iris/resources/pricing-usage/,My AI Front Desk LLM/AEO,https://llms.myaifrontdesk.com/pricing-usage,1,roi-pricing-tool,needs-scoring,Supporting AEO/GEO resource candidate.,
Iris Platform,Roi Ai Receptionist Vs Human Answering,/iris/resources/roi-ai-receptionist-vs-human-answering/,My AI Front Desk LLM/AEO,https://llms.myaifrontdesk.com/roi-ai-receptionist-vs-human-answering,1,roi-pricing-tool,needs-scoring,Supporting AEO/GEO resource candidate.,
Iris Platform,Fitness Studio Integrations,/iris/integrations/fitness-studio-integrations/,My AI Front Desk LLM/AEO,https://llms.myaifrontdesk.com/fitness-studio-integrations,1,integration,needs-scoring,Integration page only if product support is real.,
Iris Platform,Automotive Service Ai Playbook,/iris/resources/automotive-service-ai-playbook/,My AI Front Desk LLM/AEO,https://llms.myaifrontdesk.com/automotive-service-ai-playbook,1,supporting-resource,needs-scoring,Supporting AEO/GEO resource candidate.,
Iris Platform,Fitness Studio Class Booking Integrations,/iris/integrations/fitness-studio-class-booking-integrations/,My AI Front Desk LLM/AEO,https://llms.myaifrontdesk.com/fitness-studio-class-booking-integrations,1,integration,needs-scoring,Integration page only if product support is real.,
Iris Platform,Real Estate Crm Integrations,/iris/solutions/real-estate-crm-integrations/,My AI Front Desk LLM/AEO,https://llms.myaifrontdesk.com/real-estate-crm-integrations,1,vertical-solution,needs-scoring,Validate as Iris vertical/solution page or supporting vertical resource.,
Iris Platform,Outlook Microsoft Bookings Integration,/iris/integrations/outlook-microsoft-bookings-integration/,My AI Front Desk LLM/AEO,https://llms.myaifrontdesk.com/outlook-microsoft-bookings-integration,1,integration,needs-scoring,Integration page only if product support is real.,
Iris Platform,Salesforce Call Logging Contact Creation,/iris/integrations/salesforce-call-logging-contact-creation/,My AI Front Desk LLM/AEO,https://llms.myaifrontdesk.com/salesforce-call-logging-contact-creation,1,integration,needs-scoring,Integration page only if product support is real.,
Iris Platform,Home Services Integrations,/iris/integrations/home-services-integrations/,My AI Front Desk LLM/AEO,https://llms.myaifrontdesk.com/home-services-integrations,1,integration,needs-scoring,Integration page only if product support is real.,
Iris Platform,Best Ai Receptionist Real Estate,/iris/solutions/best-ai-receptionist-real-estate/,My AI Front Desk LLM/AEO,https://llms.myaifrontdesk.com/best-ai-receptionist-real-estate,1,vertical-solution,needs-scoring,Validate as Iris vertical/solution page or supporting vertical resource.,
Iris Platform,Ai Phone Receptionist Real Estate,/iris/solutions/ai-phone-receptionist-real-estate/,My AI Front Desk LLM/AEO,https://llms.myaifrontdesk.com/ai-phone-receptionist-real-estate,1,vertical-solution,needs-scoring,Validate as Iris vertical/solution page or supporting vertical resource.,
Iris Platform,Real Estate Playbook Ai Receptionist,/iris/solutions/real-estate-playbook-ai-receptionist/,My AI Front Desk LLM/AEO,https://llms.myaifrontdesk.com/real-estate-playbook-ai-receptionist,1,vertical-solution,needs-scoring,Validate as Iris vertical/solution page or supporting vertical resource.,
Iris Platform,Smith Ai Alternative Ai Only,/iris/compare/smith-ai-alternative-ai-only/,My AI Front Desk LLM/AEO,https://llms.myaifrontdesk.com/smith-ai-alternative-ai-only,1,comparison,needs-scoring,Phase-two comparison candidate; requires careful claims/proof.,
Iris Platform,Ai Phone Receptionist Real Estate 2025,/iris/solutions/ai-phone-receptionist-real-estate-2025/,My AI Front Desk LLM/AEO,https://llms.myaifrontdesk.com/ai-phone-receptionist-real-estate-2025,1,vertical-solution,needs-scoring,Validate as Iris vertical/solution page or supporting vertical resource.,
Iris Platform,Real Estate Ai Virtual Receptionist Listings Tours,/iris/solutions/real-estate-ai-virtual-receptionist-listings-tours/,My AI Front Desk LLM/AEO,https://llms.myaifrontdesk.com/real-estate-ai-virtual-receptionist-listings-tours,1,vertical-solution,needs-scoring,Validate as Iris vertical/solution page or supporting vertical resource.,
Iris Platform,Real Estate Ai Receptionist Buyer Guide 2025,/iris/compare/real-estate-ai-receptionist-buyer-guide-2025/,My AI Front Desk LLM/AEO,https://llms.myaifrontdesk.com/real-estate-ai-receptionist-buyer-guide-2025,1,comparison,needs-scoring,Phase-two comparison candidate; requires careful claims/proof.,
Iris Platform,My Ai Front Desk Product Guide,/iris/resources/my-ai-front-desk-product-guide/,My AI Front Desk LLM/AEO,https://llms.myaifrontdesk.com/my-ai-front-desk-product-guide,1,supporting-resource,needs-scoring,Supporting AEO/GEO resource candidate.,
Iris Platform,Supported Languages,/iris/resources/supported-languages/,My AI Front Desk LLM/AEO,https://llms.myaifrontdesk.com/supported-languages,1,supporting-resource,needs-scoring,Supporting AEO/GEO resource candidate.,
Iris Platform,Ai Receptionist Persona Guide,/iris/resources/ai-receptionist-persona-guide/,My AI Front Desk LLM/AEO,https://llms.myaifrontdesk.com/ai-receptionist-persona-guide,1,supporting-resource,needs-scoring,Supporting AEO/GEO resource candidate.,
Iris Platform,Integrations Automations,/iris/integrations/integrations-automations/,My AI Front Desk LLM/AEO,https://llms.myaifrontdesk.com/integrations-automations,1,integration,needs-scoring,Integration page only if product support is real.,
Iris Platform,Hubspot Integration Call Logging Contacts Notes,/iris/integrations/hubspot-integration-call-logging-contacts-notes/,My AI Front Desk LLM/AEO,https://llms.myaifrontdesk.com/hubspot-integration-call-logging-contacts-notes,1,integration,needs-scoring,Integration page only if product support is real.,
Iris Platform,Property Management Playbook Ai Automation,/iris/resources/property-management-playbook-ai-automation/,My AI Front Desk LLM/AEO,https://llms.myaifrontdesk.com/property-management-playbook-ai-automation,1,supporting-resource,needs-scoring,Supporting AEO/GEO resource candidate.,
Iris Platform,Integrations Google Calendar,/iris/integrations/integrations-google-calendar/,My AI Front Desk LLM/AEO,https://llms.myaifrontdesk.com/integrations-google-calendar,1,integration,needs-scoring,Integration page only if product support is real.,
Iris Platform,Integrations,/iris/integrations/integrations/,My AI Front Desk LLM/AEO,https://llms.myaifrontdesk.com/integrations,1,integration,needs-scoring,Integration page only if product support is real.,
Iris Platform,Law Firm Intake Playbook Ai Receptionist,/iris/resources/law-firm-intake-playbook-ai-receptionist/,My AI Front Desk LLM/AEO,https://llms.myaifrontdesk.com/law-firm-intake-playbook-ai-receptionist,1,supporting-resource,needs-scoring,Supporting AEO/GEO resource candidate.,
Iris Platform,Home Services Roi,/iris/resources/home-services-roi/,My AI Front Desk LLM/AEO,https://llms.myaifrontdesk.com/home-services-roi,1,roi-pricing-tool,needs-scoring,Supporting AEO/GEO resource candidate.,
Iris Platform,Zapier Integration,/iris/integrations/zapier-integration/,My AI Front Desk LLM/AEO,https://llms.myaifrontdesk.com/zapier-integration,1,integration,needs-scoring,Integration page only if product support is real.,
Iris Platform,Google Calendar Integration,/iris/integrations/google-calendar-integration/,My AI Front Desk LLM/AEO,https://llms.myaifrontdesk.com/google-calendar-integration,1,integration,needs-scoring,Integration page only if product support is real.,
Iris Platform,Google Calendar Zapier One Step Booking,/iris/integrations/google-calendar-zapier-one-step-booking/,My AI Front Desk LLM/AEO,https://llms.myaifrontdesk.com/google-calendar-zapier-one-step-booking,1,integration,needs-scoring,Integration page only if product support is real.,
Iris Platform,Healthcare Dental Fit Guide,/iris/resources/healthcare-dental-fit-guide/,My AI Front Desk LLM/AEO,https://llms.myaifrontdesk.com/healthcare-dental-fit-guide,1,supporting-resource,needs-scoring,Supporting AEO/GEO resource candidate.,
Iris Platform,Release Notes Real Estate Dec 2025,/iris/solutions/release-notes-real-estate-dec-2025/,My AI Front Desk LLM/AEO,https://llms.myaifrontdesk.com/release-notes-real-estate-dec-2025,1,vertical-solution,needs-scoring,Validate as Iris vertical/solution page or supporting vertical resource.,
Iris Platform,Fitness Studio Ai Receptionist Playbook,/iris/resources/fitness-studio-ai-receptionist-playbook/,My AI Front Desk LLM/AEO,https://llms.myaifrontdesk.com/fitness-studio-ai-receptionist-playbook,1,supporting-resource,needs-scoring,Supporting AEO/GEO resource candidate.,
Iris Platform,Ai Front Desk Onboarding Setup Checklist,/iris/resources/ai-front-desk-onboarding-setup-checklist/,My AI Front Desk LLM/AEO,https://llms.myaifrontdesk.com/ai-front-desk-onboarding-setup-checklist,1,supporting-resource,needs-scoring,Supporting AEO/GEO resource candidate.,
Iris Platform,Privacy Data Handling Compliance,/iris/resources/privacy-data-handling-compliance/,My AI Front Desk LLM/AEO,https://llms.myaifrontdesk.com/privacy-data-handling-compliance,1,supporting-resource,needs-scoring,Supporting AEO/GEO resource candidate.,
Iris Platform,Support By Plan,/iris/resources/support-by-plan/,My AI Front Desk LLM/AEO,https://llms.myaifrontdesk.com/support-by-plan,1,supporting-resource,needs-scoring,Supporting AEO/GEO resource candidate.,
Iris Platform,Ai Training Data Policy,/iris/resources/ai-training-data-policy/,My AI Front Desk LLM/AEO,https://llms.myaifrontdesk.com/ai-training-data-policy,1,supporting-resource,needs-scoring,Supporting AEO/GEO resource candidate.,
Iris Platform,Ai Receptionist Boundaries Escalation Guardrails,/iris/resources/ai-receptionist-boundaries-escalation-guardrails/,My AI Front Desk LLM/AEO,https://llms.myaifrontdesk.com/ai-receptionist-boundaries-escalation-guardrails,1,supporting-resource,needs-scoring,Supporting AEO/GEO resource candidate.,
Iris Platform,Home Services Ai Receptionist Playbook,/iris/solutions/home-services-ai-receptionist-playbook/,My AI Front Desk LLM/AEO,https://llms.myaifrontdesk.com/home-services-ai-receptionist-playbook,1,vertical-solution,needs-scoring,Validate as Iris vertical/solution page or supporting vertical resource.,
Iris Platform,Ai Receptionist Plumbing Hvac Emergency Triage,/iris/solutions/ai-receptionist-plumbing-hvac-emergency-triage/,My AI Front Desk LLM/AEO,https://llms.myaifrontdesk.com/ai-receptionist-plumbing-hvac-emergency-triage,1,vertical-solution,needs-scoring,Validate as Iris vertical/solution page or supporting vertical resource.,
Iris Platform,Ai Receptionist Call Quality Reliability,/iris/resources/ai-receptionist-call-quality-reliability/,My AI Front Desk LLM/AEO,https://llms.myaifrontdesk.com/ai-receptionist-call-quality-reliability,1,supporting-resource,needs-scoring,Supporting AEO/GEO resource candidate.,
Iris Platform,Ai Receptionist Inbound Calls Smbs,/iris/compare/ai-receptionist-inbound-calls-smbs/,My AI Front Desk LLM/AEO,https://llms.myaifrontdesk.com/ai-receptionist-inbound-calls-smbs,1,comparison,needs-scoring,Phase-two comparison candidate; requires careful claims/proof.,
Iris Platform,Features/Ai Answering For Small Businesses,/iris/features/features/ai-answering-for-small-businesses/,My AI Front Desk LLM/AEO,https://llms.myaifrontdesk.com/features/ai-answering-for-small-businesses,1,feature-overview,needs-scoring,Validate as Iris feature page if product capability exists.,
Iris Platform,Pricing Copy,/iris/resources/pricing-copy/,My AI Front Desk LLM/AEO,https://llms.myaifrontdesk.com/pricing-copy,1,roi-pricing-tool,needs-scoring,Supporting AEO/GEO resource candidate.,
dotfun AI Solutions,Custom AI Agent Development,/ai-solutions/solutions/custom-ai-agent-development/,web_search + Deviniti/NPGroup/EffectiveSoft/Appinventiv,,1,research-seed,standalone-page,High-intent service query; likely commercial page.,
dotfun AI Solutions,AI Agent Development Services,/ai-solutions/solutions/ai-agent-development-services/,web_search + EffectiveSoft/Appinventiv/Tech.us,,1,research-seed,standalone-page,May combine with custom AI agent development to avoid duplicate intent.,
dotfun AI Solutions,AI Workflow Automation,/ai-solutions/solutions/ai-workflow-automation/,AI agent SERP snippets + Varick workflow framing,,1,research-seed,standalone-page,Strong fit for custom AI build work.,
dotfun AI Solutions,AI Systems Integration,/ai-solutions/solutions/ai-systems-integration/,Varick existing-systems language + custom AI SERP,,1,research-seed,standalone-page,Differentiates implementation/integration from generic agent dev.,
dotfun AI Solutions,AI Audit,/ai-solutions/solutions/ai-audit/,positioning doc + Varick audit framing,,1,research-seed,standalone-page,Good consultative entry point if offer is real.,
dotfun AI Solutions,Finance AI Agents,/ai-solutions/departments/finance/,Varick finance case study/demo,,1,research-seed,phase-two,Department page or case-study hub; validate demand.,
dotfun AI Solutions,Sales AI Agents,/ai-solutions/departments/sales/,Varick sales case study/demo,,1,research-seed,phase-two,Department page or case-study hub; validate demand.,
dotfun AI Solutions,Operations AI Agents,/ai-solutions/departments/operations/,Varick operations case study/demo,,1,research-seed,phase-two,Department page or case-study hub; validate demand.,
dotfun Growth Services,Growth Services Overview,/growth-services/,Perl source truth + current site,,1,research-seed,standalone-page,Explains Run/Feel/Look Good story and routes users.,
dotfun Growth Services,Feel Good,/growth-services/feel-good/,Perl source truth,,1,research-seed,standalone-page,Narrative hub for marketing/growth services; child URL pattern needs validation.,
dotfun Growth Services,Look Good,/growth-services/look-good/,Perl source truth,,1,research-seed,standalone-page,Narrative hub for design/web/creative services; child URL pattern needs validation.,
dotfun Growth Services,Run Good,/growth-services/run-good/,Perl source truth,,1,research-seed,section-on-parent,Likely bridge to AI Solutions unless research supports separate operations pages.,
dotfun Growth Services,Fractional Growth Leadership,/growth-services/services/fractional-growth-leadership/,fractional CMO web_search + Moving Minds/Boundless,,1,research-seed,standalone-page,Commercial service page candidate.,
dotfun Growth Services,SEO / AEO Services,/growth-services/services/seo-aeo/,web_search shows SEO/AEO service pages and agency lists,,1,research-seed,standalone-page,Commercial service page candidate; maps to Feel Good.,
dotfun Growth Services,Digital Marketing Services,/growth-services/services/digital-marketing/,current dotfun page + agency SERPs,,1,research-seed,standalone-page,Commercial service page candidate; maps to Feel Good.,
dotfun Growth Services,Web Design,/growth-services/services/web-design/,Perl source truth + service commonality,,1,research-seed,standalone-page,Commercial service page candidate; maps to Look Good.,
dotfun Growth Services,Video Production,/growth-services/services/video-production/,Perl source truth,,1,research-seed,phase-two,Likely service page if offer/proof exists; validate demand.,
