Keyword;Position;Search Volume;CPC;Url;Traffic (%);Traffic Cost (%);Competition
attio;1;12100;4.20;https://attio.com/;65.50;58.23;0.46
attio crm;1;1000;7.41;https://attio.com/;5.41;8.49;0.68
attiot;1;480;4.59;https://attio.com/;2.59;2.52;0.61
attio';1;480;4.20;https://attio.com/;2.59;2.30;0.46
attio pricing;1;390;4.01;https://attio.com/pricing;2.11;1.79;0.56
attio login;1;320;0.00;https://attio.com/help/reference/account-settings/signing-into-attio;1.73;0.00;0.01
attio careers;1;260;0.00;https://attio.com/careers;1.40;0.00;0.01
attio api;1;210;0.00;https://docs.attio.com/rest-api/overview;1.13;0.00;0.01
attios;1;170;4.59;https://attio.com/;0.92;0.89;0.61
attio company information;1;170;0.00;https://attio.com/;0.92;0.00;0.00
attio discount;1;170;0.00;https://attio.com/startups;0.92;0.00;0.11
attio funding;1;110;0.00;https://attio.com/blog/attio-raises-52m-series-b;0.59;0.00;0.04
attio integrations;1;110;10.58;https://attio.com/apps;0.59;1.33;0.31
crm online;2;720;19.02;https://attio.com/;0.39;1.60;0.39
free crm;11;8100;18.55;https://attio.com/;0.27;1.06;0.48
attio sign in;1;50;0.00;https://attio.com/help/reference/account-settings/signing-into-attio;0.27;0.00;0.33
attio stripe integration;1;50;0.00;https://attio.com/apps/stripe-invoicing;0.27;0.00;0.22
adio crm;1;50;7.08;https://attio.com/;0.27;0.40;0.46
attio price;1;50;4.01;https://attio.com/pricing;0.27;0.22;0.56
crm with ai;2;480;20.96;https://attio.com/;0.26;1.17;0.27
ateo;3;1600;0.00;https://attio.com/;0.25;0.00;0.00
ai crm software;3;590;18.60;https://attio.com/;0.25;1.01;0.43
attio company;1;40;0.00;https://attio.com/;0.21;0.00;0.21
attio mcp server;1;40;0.00;https://docs.attio.com/mcp/overview;0.21;0.00;0.05
atio crm;1;110;5.58;https://attio.com/;0.18;0.21;0.57
attio mcp;1;30;8.05;https://docs.attio.com/mcp/overview;0.16;0.27;0.09
attio call recording;1;30;24.88;https://attio.com/help/reference/productivity-collaborating/call-intelligence/recording-calls-with-attio;0.16;0.85;0.27
cometly;4;1900;5.50;https://attio.com/apps/cometly;0.16;0.18;0.05
attio expert;1;30;20.96;https://attio.com/experts;0.16;0.72;0.27
business crm;6;1000;18.42;https://attio.com/;0.16;0.63;0.37
customer relationship magic;1;90;0.00;https://attio.com/;0.14;0.00;0.86
web based crm;3;480;20.91;https://attio.com/;0.14;0.62;0.17
call intelligence;2;260;14.75;https://attio.com/blog/introducing-call-intelligence;0.14;0.44;0.62
crm software development company;5;880;15.92;https://attio.com/;0.14;0.47;0.14
crm websites;3;320;15.28;https://attio.com/;0.13;0.43;0.47
ai for crm;3;320;20.30;https://attio.com/;0.13;0.58;0.55
segment crm;2;140;12.10;https://attio.com/apps/segment;0.12;0.31;0.45
javascript string slice;6;590;0.00;https://attio.com/engineering/blog/javascript-string-slice-considered-harmful;0.11;0.00;0.00
customer resource management software;6;720;12.93;https://attio.com/;0.11;0.31;0.19
startup crm;5;480;24.12;https://attio.com/;0.10;0.55;0.48
ontio;14;3600;0.79;https://attio.com/;0.09;0.01;0.03
dealcloud login;12;1600;4.83;https://attio.com/;0.09;0.09;0.00
attilio;5;480;0.92;https://attio.com/;0.07;0.01;0.04
atilio;2;140;0.00;https://attio.com/;0.07;0.00;0.00
crm company;4;590;8.53;https://attio.com/;0.07;0.13;0.51
spinach ai;3;590;6.08;https://attio.com/apps/spinach-ai;0.06;0.08;0.20
aisot;29;14800;0.32;https://attio.com/;0.06;0.00;0.04
attio pricing;2;390;4.01;https://attio.com/help/reference/workspace-settings-billing/attio-plans-and-features;0.06;0.05;0.56
customer relationship app;5;1000;12.44;https://attio.com/;0.06;0.15;0.53
string slice javascript;7;390;0.00;https://attio.com/engineering/blog/javascript-string-slice-considered-harmful;0.06;0.00;0.00
ai sales crm;3;140;29.58;https://attio.com/;0.06;0.38;0.43
js slice string;6;320;0.00;https://attio.com/engineering/blog/javascript-string-slice-considered-harmful;0.06;0.00;0.33
attio login;2;320;0.00;https://attio.com/;0.05;0.00;0.01
ai crm tool;2;90;18.22;https://attio.com/;0.04;0.18;0.64
js string slicing;8;320;0.00;https://attio.com/engineering/blog/javascript-string-slice-considered-harmful;0.04;0.00;0.33
atheo;2;90;0.00;https://attio.com/;0.04;0.00;0.00
atio;2;720;7.80;https://attio.com/;0.04;0.07;0.01
client relationship software;8;390;16.75;https://attio.com/;0.04;0.16;0.27
qorbit.ai domain;2;90;0.00;https://attio.com/apps/orbit-ai;0.04;0.00;0.00
orbit.ai domain;2;90;0.00;https://attio.com/apps/orbit-ai;0.04;0.00;0.00
crm tool online;4;170;15.20;https://attio.com/;0.04;0.15;0.10
ai call intelligence;4;170;58.63;https://attio.com/blog/introducing-call-intelligence;0.04;0.58;0.10
crm site;3;110;17.24;https://attio.com/;0.04;0.17;0.68
attio pricing;3;390;4.01;https://attio.com/;0.04;0.04;0.56
qorbit.ai;8;320;0.00;https://attio.com/apps/orbit-ai;0.04;0.00;0.00
wiza.co;11;480;10.83;https://attio.com/apps/wiza;0.04;0.09;0.33
outil crm;3;260;10.61;https://attio.com/;0.04;0.09;0.22
sequence app;8;320;5.46;https://attio.com/apps/sequence;0.04;0.04;0.12
at crm;2;50;0.00;https://attio.com/;0.04;0.00;0.29
web based crm software;4;260;0.00;https://attio.com/;0.04;0.00;0.04
windmill ai;7;210;7.94;https://attio.com/apps/windmill;0.04;0.06;0.10
crm companies;10;1300;8.53;https://attio.com/;0.03;0.06;0.51
wiza login;6;170;0.00;https://attio.com/apps/wiza;0.03;0.00;0.33
attibo;4;90;0.45;https://attio.com/;0.03;0.00;0.05
crm software for it company;7;210;15.09;https://attio.com/;0.03;0.10;0.50
attio api;2;210;0.00;https://docs.attio.com/docs/overview;0.03;0.00;0.01
email crm;11;720;25.40;https://attio.com/;0.03;0.18;0.63
online customer relationship management software;6;210;15.20;https://attio.com/;0.03;0.10;0.10
crm startups;8;210;16.18;https://attio.com/;0.03;0.11;0.61
crm online;10;720;19.02;https://attio.com/;0.03;0.13;0.39
javascript string slicing;10;320;0.00;https://attio.com/engineering/blog/javascript-string-slice-considered-harmful;0.02;0.00;0.00
software sales crm;9;590;16.91;https://attio.com/;0.02;0.09;0.08
advertising crm;5;140;12.89;https://attio.com/;0.02;0.07;0.28
crm development companies;7;170;22.24;https://attio.com/;0.02;0.12;0.05
historical report;2;140;2.23;https://attio.com/help/academy/reports-course/historical-reports;0.02;0.01;0.28
best ai crm;5;480;22.11;https://attio.com/;0.02;0.12;0.58
customer relationship marketing software;6;170;0.00;https://attio.com/;0.02;0.00;0.03
chat crm;3;50;15.02;https://attio.com/;0.02;0.08;0.54
crm with website;5;110;17.24;https://attio.com/;0.02;0.09;0.68
attio login;4;320;0.00;https://attio.com/p/ai-crm;0.02;0.00;0.01
javascript string splice;5;170;0.00;https://attio.com/engineering/blog/javascript-string-slice-considered-harmful;0.02;0.00;0.00
customer relationship management app;9;260;12.44;https://attio.com/;0.02;0.07;0.53
crm web app;3;70;13.80;https://attio.com/;0.02;0.05;0.43
evaluate the crypto company conduit on web3 development platform;3;90;0.00;https://attio.com/customers/conduit;0.02;0.00;0.00
online crm system;7;260;22.23;https://attio.com/;0.02;0.09;0.41
crm businesses;8;390;18.42;https://attio.com/;0.02;0.07;0.37
javascript slice string;7;260;0.00;https://attio.com/engineering/blog/javascript-string-slice-considered-harmful;0.02;0.00;0.33
ai-driven crm software;2;40;0.00;https://attio.com/;0.02;0.00;0.00
app.pandadoc;7;170;13.63;https://attio.com/help/apps/other-apps/pandadoc-app;0.02;0.05;0.15
attio logo;1;140;0.00;https://attio.com/;0.02;0.00;0.00
attio api;3;210;0.00;https://attio.com/platform/developers;0.02;0.00;0.01
attio careers;4;260;0.00;https://attio.com/;0.02;0.00;0.01
ai-powered crm;5;110;20.98;https://attio.com/;0.02;0.08;0.14
why salesforce;5;260;8.36;https://attio.com/blog/why-salesforce-is-great;0.02;0.03;0.25
customer relationship management applications;9;480;16.05;https://attio.com/;0.02;0.06;0.52
custom crm software;6;720;24.68;https://attio.com/;0.02;0.10;0.08
circleback ai;14;720;6.08;https://attio.com/apps/circleback;0.02;0.02;0.29
скь;6;390;13.73;https://attio.com/;0.02;0.05;0.47
attio login;5;320;0.00;https://attio.com/help/reference/workspace-settings-billing/security/single-sign-on;0.02;0.00;0.01
composio;23;12100;4.96;https://attio.com/apps/composio;0.02;0.02;0.10
customer relationship manager software;7;170;16.75;https://attio.com/;0.02;0.07;0.27
sales crm softwares;15;1000;16.91;https://attio.com/;0.02;0.07;0.08
crm software website;3;50;0.00;https://attio.com/;0.01;0.00;0.06
ai-powered crm system;2;30;15.90;https://attio.com/;0.01;0.04;0.11
actio;12;880;12.10;https://attio.com/;0.01;0.03;0.01
ai driven crm;8;110;22.30;https://attio.com/;0.01;0.06;0.40
client relationship management systems;13;480;10.48;https://attio.com/;0.01;0.02;0.53
crm application;17;1600;12.44;https://attio.com/;0.01;0.03;0.53
evaluate the crypto company conduit on rollup as a service;8;110;0.00;https://attio.com/customers/conduit;0.01;0.00;0.00
call intelligence platform;9;140;0.00;https://attio.com/blog/introducing-call-intelligence;0.01;0.00;0.36
crm saas;10;590;12.38;https://attio.com/;0.01;0.03;0.53
attio api;4;210;0.00;https://attio.com/;0.01;0.00;0.01
attio api;6;210;0.00;https://attio.com/help/apps/other-apps/generating-an-api-key;0.01;0.00;0.01
crm software with ai;2;30;27.27;https://attio.com/;0.01;0.07;0.36
customer relationship tools;7;320;20.02;https://attio.com/;0.01;0.05;0.15
crm on line;3;50;19.02;https://attio.com/;0.01;0.05;0.39
sdr manager;8;210;4.61;https://attio.com/careers/sdr-manager-san-francisco-hybrid;0.01;0.01;0.04
outreach sync;14;880;0.00;https://attio.com/apps/outreach;0.01;0.00;0.00
ad crm;5;110;12.89;https://attio.com/;0.01;0.03;0.28
call tio;5;90;0.00;https://attio.com/;0.01;0.00;0.00
workflow company;5;140;11.35;https://attio.com/experts/the-workflow-company;0.01;0.03;0.40
customer crm software;9;320;12.93;https://attio.com/;0.01;0.03;0.19
string slice js;6;110;0.00;https://attio.com/engineering/blog/javascript-string-slice-considered-harmful;0.01;0.00;0.00
appio;8;390;0.00;https://attio.com/;0.01;0.00;0.00
crm att;4;70;5.72;https://attio.com/;0.01;0.01;0.78
attio funding;2;110;0.00;https://attio.com/blog/attio-raises-33-million-in-funding;0.01;0.00;0.04
crm homepage;5;70;22.42;https://attio.com/;0.01;0.06;0.04
web-based crm;4;110;20.91;https://attio.com/;0.01;0.05;0.17
attio chrome extension;2;90;0.00;https://attio.com/help/reference/tools-and-extensions/attio-chrome-extension;0.01;0.00;0.02
attio discount;3;170;0.00;https://attio.com/;0.01;0.00;0.11
ask crm;3;30;12.36;https://attio.com/;0.01;0.03;0.36
attio integrations;2;110;10.58;https://attio.com/;0.01;0.03;0.31
attio login;7;320;0.00;https://attio.com/help/reference/account-settings;0.01;0.00;0.01
altio;5;70;0.00;https://attio.com/;0.01;0.00;0.02
online crm systems;7;210;22.23;https://attio.com/;0.01;0.06;0.41
attio pricing;8;390;4.01;https://attio.com/startups;0.01;0.01;0.56
crm for website;5;90;17.24;https://attio.com/;0.01;0.04;0.68
qorbit.ai;13;320;0.00;https://attio.com/apps/orbit-ai;0.01;0.00;0.00
online crm tool;8;320;15.20;https://attio.com/;0.01;0.04;0.10
attio community;2;40;0.00;https://attio.com/partners/expert-partners;0.00;0.00;0.09
aircall integration;5;30;11.21;https://attio.com/apps/aircall;0.00;0.01;0.39
ai sales software for startups;7;50;0.00;https://attio.com/;0.00;0.00;0.00
saas customer relationship management;13;480;12.38;https://attio.com/;0.00;0.01;0.53
crm logo;17;390;9.39;https://attio.com/;0.00;0.01;0.01
attic technologies;8;50;8.29;https://attio.com/;0.00;0.01;0.09
customer relationship management software companies;6;110;15.09;https://attio.com/;0.00;0.02;0.50
atios;2;110;2.53;https://attio.com/;0.00;0.00;0.04
_at_o;42;6600;0.10;https://attio.com/;0.00;0.00;0.33
top crm;15;1000;17.24;https://attio.com/;0.00;0.02;0.68
crm applications;15;1600;16.05;https://attio.com/;0.00;0.02;0.52
customer relationship management software systems;16;720;12.16;https://attio.com/;0.00;0.01;0.43
attio company information;6;170;0.00;https://attio.com/blog/attio-raises-33-million-in-funding;0.00;0.00;0.00
ai tool crm;5;90;0.00;https://attio.com/;0.00;0.00;0.00
crm system online;6;90;22.23;https://attio.com/;0.00;0.03;0.41
open source crm;18;1300;10.52;https://attio.com/;0.00;0.01;0.61
flexible crm;4;50;38.32;https://attio.com/;0.00;0.05;0.38
crm.;11;260;13.73;https://attio.com/;0.00;0.01;0.47
attio stripe integration;2;50;0.00;https://attio.com/apps/paid;0.00;0.00;0.22
crm system tools;16;1000;13.76;https://attio.com/;0.00;0.01;0.48
free relationship management software;13;1300;12.08;https://attio.com/;0.00;0.01;0.64
attio hubspot;6;30;13.36;https://attio.com/;0.00;0.01;0.80
attio logo;3;140;0.00;https://docs.attio.com/share/logos;0.00;0.00;0.00
attio logo;4;140;0.00;https://attio.com/help/reference/workspace-settings-billing/update-workspace-name-and-logo;0.00;0.00;0.00
ai crm integration;5;40;0.00;https://attio.com/;0.00;0.00;0.00
sales crm system;9;390;19.44;https://attio.com/;0.00;0.02;0.07
sales crm system;12;390;19.44;https://attio.com/;0.00;0.02;0.07
crmplatform;6;90;16.30;https://attio.com/;0.00;0.02;0.51
attio revenue;1;40;0.00;https://attio.com/blog/attio-raises-52m-series-b;0.00;0.00;0.33
crm empresa;4;30;6.59;https://attio.com/;0.00;0.00;0.43
c rm;10;390;13.73;https://attio.com/;0.00;0.01;0.47
attio hubspot integration;5;30;11.35;https://attio.com/help/apps/other-apps;0.00;0.01;0.45
crm aus deutschland;6;50;0.00;https://attio.com/;0.00;0.00;0.33
crm application development company;7;70;15.92;https://attio.com/;0.00;0.02;0.14
crm.tools;16;390;13.76;https://attio.com/;0.00;0.01;0.48
atillo;3;70;0.00;https://attio.com/;0.00;0.00;0.04
crm system software;12;590;10.89;https://attio.com/;0.00;0.01;0.10
attio price;2;50;4.01;https://attio.com/help/reference/workspace-settings-billing/attio-plans-and-features;0.00;0.00;0.56
linear integration;3;170;11.33;https://attio.com/apps/linear;0.00;0.01;0.08
string slicing js;8;390;0.00;https://attio.com/engineering/blog/javascript-string-slice-considered-harmful;0.00;0.00;0.00
crm software system;15;390;12.16;https://attio.com/;0.00;0.01;0.43
saas crm tools;8;50;0.00;https://attio.com/;0.00;0.00;1.00
optios;28;1300;14.90;https://attio.com/;0.00;0.02;0.33
crm solution;11;590;16.89;https://attio.com/;0.00;0.02;0.35
attio discounts;1;50;0.00;https://attio.com/pricing;0.00;0.00;0.00
attil;8;90;0.00;https://attio.com/;0.00;0.00;0.00
attio valuation;1;40;0.00;https://attio.com/blog/attio-raises-52m-series-b;0.00;0.00;0.01
crm software business;11;480;22.47;https://attio.com/;0.00;0.03;0.05
crm software company;5;320;15.09;https://attio.com/;0.00;0.02;0.50
historical reports;2;30;2.23;https://attio.com/help/academy/reports-course/historical-reports;0.00;0.00;0.28
customer crm software;10;320;12.93;https://attio.com/;0.00;0.01;0.19
online sales crm;6;70;0.00;https://attio.com/;0.00;0.00;0.06
tech crm;5;90;23.94;https://attio.com/;0.00;0.03;0.34
free contact management software;12;590;11.07;https://attio.com/;0.00;0.01;0.55
plg crm;7;50;14.64;https://attio.com/blog/automations-for-plg-in-crm;0.00;0.02;0.30
apps crm;10;260;12.44;https://attio.com/;0.00;0.01;0.53
attio chrome extension;3;90;0.00;https://attio.com/help/reference/tools-and-extensions;0.00;0.00;0.02
composio's;10;390;4.96;https://attio.com/apps/composio;0.00;0.00;0.10
crm ai software;4;30;34.89;https://attio.com/;0.00;0.04;0.94
attio discount;4;170;0.00;https://attio.com/pricing;0.00;0.00;0.11
attio integrations;3;110;10.58;https://attio.com/help/reference/automations;0.00;0.01;0.31
outreach integration;2;40;15.71;https://attio.com/apps/outreach;0.00;0.02;0.48
attio login;8;320;0.00;https://attio.com/apps;0.00;0.00;0.01
attio login;9;320;0.00;https://build.attio.com/;0.00;0.00;0.01
crm system integrators;5;50;11.63;https://attio.com/;0.00;0.01;0.30
atto tech;6;140;1.86;https://attio.com/;0.00;0.00;0.17
crm providers;10;390;20.41;https://attio.com/;0.00;0.02;0.53
contact managment software;8;70;15.74;https://attio.com/;0.00;0.02;0.12
item crm;7;70;17.94;https://attio.com/;0.00;0.02;0.49
enriched data;6;320;14.85;https://attio.com/help/reference/managing-your-data/enriched-data;0.00;0.02;0.25
crm software download;23;90;17.03;https://attio.com/;0.00;0.00;0.70
best crm agencies;95;110;32.54;https://attio.com/;0.00;0.00;0.38
customer relationship management systems definition;98;70;5.36;https://attio.com/;0.00;0.00;0.13
single source real estate;41;140;2.18;https://attio.com/;0.00;0.00;0.03
how to implement a crm;51;70;12.01;https://attio.com/;0.00;0.00;0.06
intercom customer analytics features;35;90;0.00;https://attio.com/;0.00;0.00;0.00
crm collaboration;26;70;14.17;https://attio.com/;0.00;0.00;0.14
types crm software;51;140;3.26;https://attio.com/;0.00;0.00;0.42
what is a lead in crm;81;30;11.97;https://attio.com/;0.00;0.00;0.55
agio technology;44;40;0.00;https://attio.com/;0.00;0.00;0.12
stripe authentication;33;50;1.76;https://attio.com/;0.00;0.00;0.31
app.fireflies.ai;23;40;1.64;https://attio.com/apps/fireflies;0.00;0.00;0.35
deal pipeline;84;170;11.70;https://attio.com/solutions/deal-flow-management-software;0.00;0.00;0.07
notion labs inc san francisco ca;50;70;2.72;https://attio.com/;0.00;0.00;0.06
nextgen marketing agency;50;40;0.00;https://attio.com/;0.00;0.00;0.06
why is hubspot crm free;58;50;0.00;https://attio.com/;0.00;0.00;0.19
teams hubspot integration;44;50;14.93;https://attio.com/;0.00;0.00;0.20
crm in b2b;58;40;17.65;https://attio.com/;0.00;0.00;0.22
software ati;44;40;0.00;https://attio.com/;0.00;0.00;0.05
crm for b2c;21;140;17.24;https://attio.com/;0.00;0.00;0.34
exact erp;49;90;7.36;https://attio.com/;0.00;0.00;0.20
top crm systems;65;590;11.21;https://attio.com/;0.00;0.00;0.63
top crm systems;75;590;11.21;https://attio.com/;0.00;0.00;0.63
ai-powered lead scoring;58;30;12.38;https://attio.com/;0.00;0.00;0.23
doc throttle;19;40;0.00;https://attio.com/;0.00;0.00;0.33
crm integrate;33;110;12.65;https://attio.com/;0.00;0.00;0.35
customer re-engagement;91;40;0.00;https://attio.com/;0.00;0.00;0.33
crm with sms and email;91;90;0.00;https://attio.com/;0.00;0.00;0.00
startup product;64;90;3.48;https://attio.com/;0.00;0.00;0.03
what is relay app;51;70;0.00;https://attio.com/apps/relay-app;0.00;0.00;0.01
hubspot texting integrations;85;40;20.47;https://attio.com/;0.00;0.00;0.28
lead gen and crm;12;70;21.29;https://attio.com/;0.00;0.00;0.69
business to business crm;13;50;21.79;https://attio.com/;0.00;0.00;0.95
what is att number sync;59;110;0.00;https://attio.com/;0.00;0.00;0.02
fireflies integrations;21;30;2.89;https://attio.com/apps/fireflies;0.00;0.00;0.21
universal and context specific development;42;40;0.00;https://attio.com/engineering/blog/introducing-universal-context;0.00;0.00;0.33
software for contact management;8;90;15.74;https://attio.com/;0.00;0.00;0.12
crm software for consultants;24;70;0.00;https://attio.com/;0.00;0.00;0.09
crm system integration;22;260;11.63;https://attio.com/;0.00;0.00;0.30
leading pim software platforms digital asset attribute management;50;40;0.00;https://attio.com/;0.00;0.00;0.00
2accounts;66;260;0.13;https://attio.com/pricing;0.00;0.00;0.01
greenleaf products;56;170;0.56;https://attio.com/;0.00;0.00;0.97
gtm tools;42;210;13.48;https://attio.com/;0.00;0.00;0.34
gtm tools;70;210;13.48;https://attio.com/;0.00;0.00;0.34
api person;33;30;10.10;https://docs.attio.com/rest-api/endpoint-reference/people/create-a-person-record;0.00;0.00;0.18
quotio ai;25;320;0.00;https://attio.com/;0.00;0.00;0.00
hubspot api create ticket;24;40;0.00;https://attio.com/;0.00;0.00;0.11
crm consulting hubspot;97;40;0.00;https://attio.com/;0.00;0.00;0.00
crunchbase membership;33;390;1.59;https://attio.com/;0.00;0.00;0.03
attio community;3;40;0.00;https://attio.com/;0.00;0.00;0.09
attio community;6;40;0.00;https://attio.com/help/reference/attio-101/introduction;0.00;0.00;0.09
attio community;9;40;0.00;https://attio.com/changelog;0.00;0.00;0.09
attio community;13;40;0.00;https://attio.com/apps;0.00;0.00;0.09
attio community;16;40;0.00;https://attio.com/help;0.00;0.00;0.09
attio community;19;40;0.00;https://attio.com/platform/productivity;0.00;0.00;0.09
attio community;22;40;0.00;https://attio.com/blog;0.00;0.00;0.09
attio community;25;40;0.00;https://build.attio.com/;0.00;0.00;0.09
attio community;27;40;0.00;https://attio.com/apps/segment;0.00;0.00;0.09
attio community;28;40;0.00;https://attio.com/help/reference/productivity-collaborating/comments-and-mentions;0.00;0.00;0.09
attio community;30;40;0.00;https://attio.com/apps;0.00;0.00;0.09
attio community;32;40;0.00;https://attio.com/help/reference/attio-ai/ask-attio/chat-with-ask-attio;0.00;0.00;0.09
attio community;33;40;0.00;https://docs.attio.com/docs/overview;0.00;0.00;0.09
attio community;35;40;0.00;https://attio.com/help/reference/account-settings/signing-into-attio;0.00;0.00;0.09
attio community;37;40;0.00;https://attio.com/help/reference;0.00;0.00;0.09
attio community;38;40;0.00;https://attio.com/help/academy;0.00;0.00;0.09
attio community;40;40;0.00;https://attio.com/help/apps/automations-apps;0.00;0.00;0.09
attio community;41;40;0.00;https://attio.com/help/academy/introduction;0.00;0.00;0.09
attio community;42;40;0.00;https://attio.com/blog/introducing-attio-objects;0.00;0.00;0.09
attio community;43;40;0.00;https://attio.com/pricing;0.00;0.00;0.09
attio community;44;40;0.00;https://attio.com/customers;0.00;0.00;0.09
attio community;45;40;0.00;https://attio.com/help/reference/workspace-settings-billing/attio-plans-and-features;0.00;0.00;0.09
attio community;46;40;0.00;https://attio.com/help/reference/attio-ai/ask-attio/chat-with-ask-attio;0.00;0.00;0.09
attio community;47;40;0.00;https://docs.attio.com/docs/overview;0.00;0.00;0.09
attio community;48;40;0.00;https://attio.com/help/reference/account-settings/signing-into-attio;0.00;0.00;0.09
attio community;49;40;0.00;https://attio.com/help/reference/attio-ai/ask-attio;0.00;0.00;0.09
attio community;50;40;0.00;https://attio.com/help/reference/attio-101;0.00;0.00;0.09
attio community;51;40;0.00;https://attio.com/help/reference;0.00;0.00;0.09
attio community;52;40;0.00;https://attio.com/solutions/startup-crm;0.00;0.00;0.09
attio community;53;40;0.00;https://attio.com/help/reference/support;0.00;0.00;0.09
attio community;54;40;0.00;https://attio.com/help/apps;0.00;0.00;0.09
attio community;55;40;0.00;https://attio.com/p/crm-1031-24;0.00;0.00;0.09
attio community;56;40;0.00;https://attio.com/help/reference/support/contact-attio-support;0.00;0.00;0.09
attio community;57;40;0.00;https://attio.com/platform/developers;0.00;0.00;0.09
attio community;58;40;0.00;https://attio.com/help/reference/industry-guides;0.00;0.00;0.09
attio community;59;40;0.00;https://attio.com/platform/reporting;0.00;0.00;0.09
attio community;60;40;0.00;https://attio.com/platform/ask;0.00;0.00;0.09
attio community;61;40;0.00;https://attio.com/next-gen;0.00;0.00;0.09
attio community;62;40;0.00;https://attio.com/p/ai-crm;0.00;0.00;0.09
attio community;63;40;0.00;https://attio.com/help/reference/managing-your-data/objects;0.00;0.00;0.09
b2b meeting scheduler;30;40;0.00;https://attio.com/;0.00;0.00;0.00
gtm organization for outreach services;65;50;0.00;https://attio.com/;0.00;0.00;0.00
gtm organization for outreach services;99;50;0.00;https://attio.com/;0.00;0.00;0.00
crm software testing;36;70;18.19;https://attio.com/;0.00;0.00;0.14
crm software testing;43;70;18.19;https://attio.com/;0.00;0.00;0.14
hubspot leadership team;45;170;0.00;https://attio.com/;0.00;0.00;0.04
document management crm;55;110;8.28;https://attio.com/;0.00;0.00;0.20
crm capability;92;50;12.29;https://attio.com/;0.00;0.00;0.72
best crm lead management software;84;30;30.07;https://attio.com/;0.00;0.00;0.57
the best crm systems;72;90;18.47;https://attio.com/;0.00;0.00;0.59
crm meanign;28;140;5.92;https://attio.com/;0.00;0.00;0.11
crm application software;84;50;16.05;https://attio.com/;0.00;0.00;0.52
apollo integration;7;50;11.58;https://attio.com/apps/apollo-enrichment;0.00;0.00;0.26
notification saas;80;30;10.81;https://attio.com/;0.00;0.00;0.68
notion api rate limits requests per second documentation;52;40;0.00;https://docs.attio.com/rest-api/guides/rate-limiting;0.00;0.00;0.00
is hubspot a crm system;94;40;0.00;https://attio.com/;0.00;0.00;0.14
crm software example;31;320;3.27;https://attio.com/;0.00;0.00;0.48
stripe workflows;27;170;7.21;https://attio.com/;0.00;0.00;0.12
define customer relationship management software;73;590;3.99;https://attio.com/;0.00;0.00;0.25
define customer relationship management software;82;590;3.99;https://attio.com/;0.00;0.00;0.25
customer relationship management in healthcare;77;90;20.63;https://attio.com/;0.00;0.00;0.49
crm shopify integration;47;40;0.00;https://attio.com/;0.00;0.00;0.40
intercom san francisco;39;140;0.00;https://attio.com/;0.00;0.00;0.00
csm platform;80;90;27.41;https://attio.com/;0.00;0.00;0.60
web based crm tools;7;140;0.00;https://attio.com/;0.00;0.00;0.04
crm in b2b and b2c markets;63;40;0.00;https://attio.com/;0.00;0.00;0.00
loveable wikipedia;27;40;0.00;https://attio.com/;0.00;0.00;0.33
[name] crunchbase profile;24;170;0.00;https://attio.com/;0.00;0.00;0.00
pipeline hacking;88;50;0.00;https://attio.com/;0.00;0.00;0.33
crunchbasee;34;40;5.05;https://attio.com/;0.00;0.00;0.13
ask a pro;24;70;10.16;https://attio.com/;0.00;0.00;0.20
uk healthcare crm market;48;40;0.00;https://attio.com/;0.00;0.00;0.00
workspace london;47;210;0.00;https://attio.com/;0.00;0.00;0.36
best open source crm;30;170;5.96;https://attio.com/;0.00;0.00;0.61
best open source crm;34;170;5.96;https://attio.com/;0.00;0.00;0.61
orbit.ai website;35;70;0.00;https://attio.com/apps/orbit-ai;0.00;0.00;0.00
atto login;16;90;0.00;https://attio.com/;0.00;0.00;0.00
crn def;63;40;0.00;https://attio.com/;0.00;0.00;0.03
att logos;54;260;5.56;https://attio.com/;0.00;0.00;0.01
crunch base login;15;30;9.66;https://attio.com/;0.00;0.00;0.05
atrio login;17;210;0.00;https://attio.com/;0.00;0.00;0.00
emergent logo;55;260;0.00;https://attio.com/;0.00;0.00;0.05
emergent logo;58;260;0.00;https://attio.com/;0.00;0.00;0.05
web based contact management;15;50;0.00;https://attio.com/;0.00;0.00;0.33
where is stripe located;47;70;0.00;https://attio.com/;0.00;0.00;0.33
evaluate the customer experience automation company hubspot on drip campaign;65;90;0.00;https://attio.com/;0.00;0.00;0.00
meaning of customer relationship;98;480;0.00;https://attio.com/;0.00;0.00;0.00
sms marketing hubspot;83;50;12.84;https://attio.com/;0.00;0.00;0.55
spinach ai note taker;10;40;0.00;https://attio.com/apps/spinach-ai;0.00;0.00;0.36
best crm pipeline management;97;90;0.00;https://attio.com/;0.00;0.00;0.07
att biz;25;40;11.58;https://attio.com/;0.00;0.00;0.72
zaragoza last name origin;22;110;0.00;https://attio.com/;0.00;0.00;0.01
hubspot logn;21;90;17.09;https://attio.com/;0.00;0.00;0.01
ai native crm;42;390;13.44;https://attio.com/blog/ai-and-the-next-generation-of-CRM;0.00;0.00;0.28
saas cms;72;390;10.77;https://attio.com/;0.00;0.00;0.40
qualified crunchbase;24;50;26.12;https://attio.com/;0.00;0.00;0.04
qualified crunchbase;32;50;26.12;https://attio.com/;0.00;0.00;0.04
atreo login;32;40;0.00;https://attio.com/help/reference/account-settings/signing-into-attio;0.00;0.00;0.33
what is crm reporting;67;110;6.58;https://attio.com/;0.00;0.00;0.14
m&a crm;24;140;36.86;https://attio.com/;0.00;0.00;0.15
best tools for syncing conversation insights with custom crm systems;41;40;0.00;https://attio.com/;0.00;0.00;0.00
best crm with whatsapp integration;41;50;0.00;https://attio.com/;0.00;0.00;0.06
magician symbol;46;40;0.00;https://attio.com/;0.00;0.00;0.33
hubspot deutschland;29;30;16.68;https://attio.com/;0.00;0.00;0.43
hubspot deutschland;33;30;16.68;https://attio.com/;0.00;0.00;0.43
best crm for enterprise;28;40;0.00;https://attio.com/;0.00;0.00;0.43
intercom apps;37;40;11.23;https://attio.com/;0.00;0.00;0.35
hubspot free crm review;62;40;33.09;https://attio.com/;0.00;0.00;0.67
hubspot free crm review;69;40;33.09;https://attio.com/;0.00;0.00;0.67
hospital sales lead nurturing;91;40;0.00;https://attio.com/;0.00;0.00;0.00
what is atia;36;70;0.04;https://attio.com/;0.00;0.00;0.15
reacquire;62;590;0.00;https://atlas.attio.com/your-product-is-the-pitch;0.00;0.00;0.00
reacquire;87;590;0.00;https://atlas.attio.com/your-product-is-the-pitch;0.00;0.00;0.00
evaluate the crm company hubspot on lead gen marketing strategy;56;90;0.00;https://attio.com/;0.00;0.00;0.00
crm opportunity management;47;40;0.00;https://attio.com/;0.00;0.00;0.71
email notes;78;90;0.00;https://attio.com/help/academy/introduction/notes-tasks-and-email-sending;0.00;0.00;0.02
client relations definition;98;90;0.00;https://attio.com/;0.00;0.00;0.33
envoy slack integration;48;140;0.00;https://attio.com/apps/slack;0.00;0.00;0.08
best crm for a startup;15;210;24.90;https://attio.com/;0.00;0.00;0.46
customizable crm open source;34;70;0.00;https://attio.com/;0.00;0.00;0.33
cioo app;23;40;0.00;https://attio.com/;0.00;0.00;0.33
cioo app;33;40;0.00;https://attio.com/apps;0.00;0.00;0.33
google crm tools;23;50;9.54;https://attio.com/;0.00;0.00;0.77
custemer relationship management;23;30;13.73;https://attio.com/;0.00;0.00;0.47
justcall.io;25;70;14.17;https://attio.com/apps/just-call;0.00;0.00;0.57
a d e o;22;90;20.00;https://attio.com/;0.00;0.00;0.01
crm inventory management software;89;170;27.55;https://attio.com/;0.00;0.00;0.31
whoa definition;60;1300;0.00;https://attio.com/;0.00;0.00;0.00
french interactions with natives;59;90;0.00;https://attio.com/;0.00;0.00;0.00
conduit crypto company blockchain api;11;50;0.00;https://attio.com/customers/conduit;0.00;0.00;0.00
define mos;52;210;0.00;https://attio.com/;0.00;0.00;0.00
best crm company;27;30;14.91;https://attio.com/;0.00;0.00;0.42
crm and hr;95;40;34.73;https://attio.com/;0.00;0.00;0.24
nurture pro;18;50;0.00;https://attio.com/;0.00;0.00;0.04
hibspot crm;47;70;36.28;https://attio.com/;0.00;0.00;0.42
sales cloud data model;37;40;16.20;https://attio.com/;0.00;0.00;0.15
white label call recording;78;50;0.00;https://attio.com/pricing;0.00;0.00;0.00
zeteo careers;44;110;0.00;https://attio.com/careers;0.00;0.00;0.01
hubspot cms development;71;140;0.00;https://attio.com/;0.00;0.00;0.50
generation calendar;30;210;0.16;https://attio.com/;0.00;0.00;0.07
wiki salesforce;20;70;0.00;https://attio.com/;0.00;0.00;0.00
linearapp;17;140;9.19;https://attio.com/help/apps/other-apps/linear-app;0.00;0.00;0.04
crm or cms;65;140;15.14;https://attio.com/;0.00;0.00;0.41
greenleaf senior building;43;90;0.81;https://attio.com/;0.00;0.00;0.05
sync crm;17;110;28.93;https://attio.com/;0.00;0.00;0.33
notion dataroom;22;1300;17.15;https://attio.com/;0.00;0.00;0.86
crm for free;17;390;15.87;https://attio.com/;0.00;0.00;0.59
crm in office;17;90;11.49;https://attio.com/;0.00;0.00;0.33
hubspot free version;52;720;147.33;https://attio.com/;0.00;0.00;0.69
technologie crm;21;40;23.94;https://attio.com/;0.00;0.00;0.34
open source sales crm;20;40;11.16;https://attio.com/;0.00;0.00;0.08
open source sales crm;21;40;11.16;https://attio.com/;0.00;0.00;0.08
crm stock.;41;140;2.68;https://attio.com/;0.00;0.00;0.00
nextgen seq;53;210;4.32;https://attio.com/;0.00;0.00;0.34
hubspot onboarding cost;76;70;8.65;https://attio.com/;0.00;0.00;0.47
integrate saas;81;260;10.66;https://attio.com/;0.00;0.00;0.13
software for sales;19;170;7.46;https://attio.com/;0.00;0.00;0.99
best ir crm comparison;47;40;0.00;https://attio.com/;0.00;0.00;0.00
best ir crm comparison;49;40;0.00;https://attio.com/;0.00;0.00;0.00
how to create a crm system;46;50;8.76;https://attio.com/;0.00;0.00;0.68
salesforce as crm;72;210;11.28;https://attio.com/blog/why-salesforce-is-great;0.00;0.00;0.09
crm for saas;26;170;12.38;https://attio.com/;0.00;0.00;0.53
crm for saas;54;170;12.38;https://attio.com/;0.00;0.00;0.53
relay ai;25;260;3.12;https://attio.com/apps/relay-app;0.00;0.00;0.42
crm systeme;16;110;10.48;https://attio.com/;0.00;0.00;0.53
auto0 pricing;38;30;6.60;https://attio.com/pricing;0.00;0.00;0.55
plg companies;54;140;5.19;https://attio.com/;0.00;0.00;0.07
top plg companies;57;50;0.00;https://attio.com/;0.00;0.00;0.08
crm product manager jobs;55;30;0.99;https://attio.com/;0.00;0.00;0.32
best crm for real estate agents australia;65;90;0.00;https://attio.com/;0.00;0.00;0.00
google analytics crm;92;30;9.48;https://attio.com/;0.00;0.00;0.24
frm crm;24;40;0.00;https://attio.com/;0.00;0.00;0.23
how to build crm;45;50;14.14;https://attio.com/;0.00;0.00;0.67
cruncbase;39;480;5.05;https://attio.com/;0.00;0.00;0.13
pivot deutsch;38;70;0.00;https://attio.com/;0.00;0.00;0.33
mcp badge;49;50;0.00;https://attio.com/;0.00;0.00;0.33
rigid motion meaning;72;50;0.00;https://attio.com/;0.00;0.00;0.00
best small business crm;95;880;19.51;https://attio.com/;0.00;0.00;0.75
crm program definition;77;110;7.06;https://attio.com/;0.00;0.00;0.19
crm säljstöd;10;70;0.00;https://attio.com/;0.00;0.00;0.00
cem tech;42;70;0.00;https://attio.com/;0.00;0.00;0.02
cms call recording requirements;92;50;0.00;https://attio.com/;0.00;0.00;0.10
intercom faq page;26;40;0.00;https://attio.com/;0.00;0.00;0.01
deal management platform;31;210;0.00;https://attio.com/;0.00;0.00;0.36
firsto;18;140;0.00;https://attio.com/apps/first-distro;0.00;0.00;0.33
firsto;30;140;0.00;https://attio.com/;0.00;0.00;0.33
hubspot invoicing;39;110;23.93;https://attio.com/;0.00;0.00;0.48
nextgen headquarters;43;50;0.00;https://attio.com/;0.00;0.00;0.33
https://a.co/;25;30;0.96;https://attio.com/;0.00;0.00;0.06
https://a.co/;35;30;0.96;https://attio.com/;0.00;0.00;0.06
crm functions for b2c;52;40;0.00;https://attio.com/;0.00;0.00;0.00
crm marketing tool;64;170;19.68;https://attio.com/;0.00;0.00;0.26
crm marketing tool;67;170;19.68;https://attio.com/;0.00;0.00;0.26
account based marketing leads;74;50;0.00;https://attio.com/;0.00;0.00;0.00
sms io;26;70;2.81;https://attio.com/;0.00;0.00;0.16
hubspot lead status;70;140;32.37;https://attio.com/;0.00;0.00;0.08
verify a domain;50;50;3.17;https://attio.com/help/reference/workspace-settings-billing/security/verify-a-domain;0.00;0.00;0.41
verify a domain;71;50;3.17;https://attio.com/help/reference/workspace-settings-billing/security/verify-a-domain;0.00;0.00;0.41
paartners;55;140;1.88;https://attio.com/experts/novlinir;0.00;0.00;0.01
saas billing automation services crm integration;48;50;0.00;https://attio.com/;0.00;0.00;0.00
meaning of crm;52;260;6.66;https://attio.com/;0.00;0.00;0.16
hubspot native integrations;62;30;13.78;https://attio.com/;0.00;0.00;0.60
top broker crm;26;90;13.35;https://attio.com/;0.00;0.00;0.20
top broker crm;28;90;13.35;https://attio.com/;0.00;0.00;0.20
email crm tools;15;40;15.34;https://attio.com/;0.00;0.00;0.79
email crm tools;95;40;15.34;https://attio.com/;0.00;0.00;0.79
appoll.io;57;110;11.22;https://attio.com/apps/apollo-enrichment;0.00;0.00;0.66
sync email definition;24;40;0.00;https://attio.com/help/reference/attio-101/syncing-people-and-companies;0.00;0.00;0.33
crm system definition;74;320;5.36;https://attio.com/;0.00;0.00;0.13
mcp hubspot;59;30;11.06;https://attio.com/;0.00;0.00;0.20
free entity relationship diagram drawing tool;93;170;2.95;https://attio.com/;0.00;0.00;0.45
ats demo;48;110;33.45;https://attio.com/;0.00;0.00;0.06
ats demo;49;110;33.45;https://attio.com/;0.00;0.00;0.06
hubspot survey tool;50;30;17.55;https://attio.com/;0.00;0.00;0.69
pivot tool;45;590;0.31;https://attio.com/;0.00;0.00;0.22
pivot tool;52;590;0.31;https://attio.com/;0.00;0.00;0.22
wikipedia login create account;50;50;0.00;https://attio.com/;0.00;0.00;0.01
hubspot lead attribution;71;30;23.54;https://attio.com/;0.00;0.00;0.75
define sales pipeline;92;140;1.08;https://attio.com/;0.00;0.00;0.08
self storage crm;47;40;0.00;https://attio.com/;0.00;0.00;0.33
next company logo;54;260;0.00;https://attio.com/;0.00;0.00;0.00
google ads b2b consultant inurl google.com;65;50;0.00;https://attio.com/;0.00;0.00;0.00
crm costs;93;110;9.50;https://attio.com/;0.00;0.00;0.57
clarify crm system;72;170;13.20;https://attio.com/;0.00;0.00;0.62
gtm finance;49;110;0.00;https://attio.com/;0.00;0.00;0.00
definition of nurture;84;390;0.00;https://attio.com/;0.00;0.00;0.00
customers relationship management software;13;30;12.93;https://attio.com/;0.00;0.00;0.19
hubspot workflows vs sequences;74;50;0.00;https://attio.com/;0.00;0.00;0.11
real estate crm software free download;83;40;0.00;https://attio.com/;0.00;0.00;0.33
best free crm for real estate;38;390;15.98;https://attio.com/;0.00;0.00;0.77
free pipeline;75;30;25.28;https://attio.com/;0.00;0.00;0.45
blocksh;74;90;0.00;https://attio.com/help/academy/workflows-course/ai-blocks;0.00;0.00;0.00
linear salesforce integration;17;30;7.77;https://attio.com/apps/linear;0.00;0.00;0.36
account based lead generation;59;140;0.00;https://attio.com/;0.00;0.00;0.33
account based lead generation;77;140;0.00;https://attio.com/;0.00;0.00;0.33
salesforce lead enrichment;91;40;0.00;https://attio.com/;0.00;0.00;0.00
b2b software marketing attribution;96;40;0.00;https://attio.com/;0.00;0.00;0.33
crm precios;54;50;0.00;https://attio.com/pricing;0.00;0.00;0.43
notion ceo dashboard template;29;40;0.00;https://attio.com/;0.00;0.00;0.00
nextgen company;66;480;3.51;https://attio.com/;0.00;0.00;0.06
notion ai login;27;50;0.00;https://attio.com/;0.00;0.00;0.01
attico sale;23;90;0.82;https://attio.com/;0.00;0.00;1.00
deal.ai login;25;90;9.88;https://attio.com/;0.00;0.00;0.05
crm with automations;15;30;16.87;https://attio.com/;0.00;0.00;0.39
definition for crm;89;50;5.92;https://attio.com/;0.00;0.00;0.11
b2c pricing consulting;78;40;0.00;https://attio.com/;0.00;0.00;0.00
crmとは;90;320;16.38;https://attio.com/;0.00;0.00;0.14
custom crm development;34;880;21.49;https://attio.com/;0.00;0.00;0.07
crm in b2c;44;40;0.00;https://attio.com/;0.00;0.00;0.00
sales engagement process;64;210;0.00;https://attio.com/;0.00;0.00;0.13
customer relationship management system features;36;50;9.38;https://attio.com/;0.00;0.00;0.46
definition of crm in business;72;90;5.54;https://attio.com/;0.00;0.00;0.15
customized crm software;11;30;24.68;https://attio.com/;0.00;0.00;0.08
lead generation and crm;35;30;21.29;https://attio.com/;0.00;0.00;0.69
define consumer relations;87;480;0.00;https://attio.com/;0.00;0.00;0.00
stripe ios sdk;45;110;0.00;https://attio.com/;0.00;0.00;0.00
lead scoring crm;70;40;0.00;https://attio.com/;0.00;0.00;0.05
crm website meaning;52;110;5.49;https://attio.com/;0.00;0.00;0.22
what is crm server;54;50;0.00;https://attio.com/;0.00;0.00;0.33
notion arr;38;170;0.00;https://attio.com/;0.00;0.00;0.00
crm software development;34;720;15.65;https://attio.com/;0.00;0.00;0.15
instantly sales engagement;24;40;0.00;https://attio.com/;0.00;0.00;0.00
att free trail;33;210;6.84;https://attio.com/;0.00;0.00;0.43
lead scoring solutions;69;40;15.73;https://attio.com/;0.00;0.00;0.64
how to create a wikipedia page for a person;44;260;3.35;https://attio.com/;0.00;0.00;0.32
what is meaning of crm;73;30;1.99;https://attio.com/;0.00;0.00;0.15
ats automation;88;1600;2.23;https://attio.com/;0.00;0.00;0.07
hubspot crm development services;75;50;0.00;https://attio.com/;0.00;0.00;0.00
crm que es;48;720;3.96;https://attio.com/;0.00;0.00;0.47
crm que es;54;720;3.96;https://attio.com/;0.00;0.00;0.47
intercom reviews;58;90;17.05;https://attio.com/;0.00;0.00;0.34
best crm for single real estate agent;89;40;32.53;https://attio.com/;0.00;0.00;0.88
cost of crm implementation;99;40;0.00;https://attio.com/;0.00;0.00;0.08
what is the best crm for sales;78;30;8.47;https://attio.com/;0.00;0.00;0.26
easy crm tool;90;70;17.21;https://attio.com/;0.00;0.00;0.31
standard crm;35;70;16.14;https://attio.com/;0.00;0.00;0.86
greenleaf sf;22;260;0.00;https://attio.com/;0.00;0.00;0.00
mos meaning in business;73;90;0.00;https://attio.com/;0.00;0.00;0.00
up crm;15;30;11.37;https://attio.com/;0.00;0.00;0.22
create hubspot account;25;90;103.34;https://attio.com/;0.00;0.00;0.72
who are the crm;25;40;0.00;https://attio.com/;0.00;0.00;0.33
marketing campaign template hubspot;21;50;0.00;https://attio.com/;0.00;0.00;0.50
system crm online;7;50;0.00;https://attio.com/;0.00;0.00;0.67
free crm review;33;30;14.09;https://attio.com/;0.00;0.00;0.36
saas 是什么;70;90;1.01;https://attio.com/;0.00;0.00;0.02
attic technologies;10;50;8.29;https://attio.com/;0.00;0.00;0.09
greenleaf tools;24;50;0.00;https://attio.com/;0.00;0.00;0.02
fireflies ai api;40;40;3.00;https://attio.com/apps/fireflies;0.00;0.00;0.16
salesforce google ads integration;76;110;9.57;https://attio.com/;0.00;0.00;0.17
working with crm;33;50;0.00;https://attio.com/careers;0.00;0.00;0.64
crm intelligence;17;110;7.69;https://attio.com/;0.00;0.00;0.23
crm tools in sales;26;40;0.00;https://attio.com/;0.00;0.00;0.67
客户关系管理;18;70;8.22;https://attio.com/;0.00;0.00;0.86
hubspot revenue;45;480;22.29;https://attio.com/;0.00;0.00;0.07
free pipeline crm;31;110;3.43;https://attio.com/;0.00;0.00;0.86
ordio company;40;40;0.00;https://attio.com/;0.00;0.00;0.00
london cms;30;70;0.00;https://attio.com/;0.00;0.00;0.01
nurture app;23;70;0.00;https://attio.com/;0.00;0.00;0.02
crm marketing tools;91;260;19.68;https://attio.com/;0.00;0.00;0.26
manage crm;14;590;12.50;https://attio.com/;0.00;0.00;0.15
crm software kostenlos;9;40;0.00;https://attio.com/;0.00;0.00;0.33
free hubspot sales;42;260;0.00;https://attio.com/;0.00;0.00;0.00
atios;9;110;2.53;https://attio.com/;0.00;0.00;0.04
website crm integration;9;70;7.08;https://attio.com/;0.00;0.00;0.95
subscription pricing data enrichment;39;40;0.00;https://attio.com/pricing;0.00;0.00;0.00
subscription pricing data enrichment;40;40;0.00;https://attio.com/pricing;0.00;0.00;0.00
account-based marketing wikipedia;43;40;0.00;https://attio.com/;0.00;0.00;0.33
intercom system for warehouse;83;40;5.00;https://attio.com/;0.00;0.00;1.00
crm healthcare;88;590;20.63;https://attio.com/;0.00;0.00;0.49
at&t chat support jobs;28;40;0.58;https://attio.com/;0.00;0.00;0.27
b2c healthcare marketing;71;110;0.00;https://attio.com/;0.00;0.00;0.33
système crm;83;140;0.00;https://attio.com/;0.00;0.00;0.00
vee relationship;24;210;0.00;https://attio.com/;0.00;0.00;0.00
online contact management system;12;110;19.43;https://attio.com/;0.00;0.00;0.37
where is att headquarters;68;210;0.00;https://attio.com/;0.00;0.00;0.01
hubspot product manager;59;30;22.62;https://attio.com/;0.00;0.00;0.08
what are crm tools used for;52;170;3.13;https://attio.com/;0.00;0.00;0.39
what are crm tools used for;60;170;3.13;https://attio.com/;0.00;0.00;0.39
what do software sales do;74;70;0.00;https://attio.com/;0.00;0.00;0.33
m&a integrations;82;210;11.62;https://attio.com/;0.00;0.00;0.42
free online crm system;60;260;18.96;https://attio.com/;0.00;0.00;0.56
what is crm applications;69;50;5.42;https://attio.com/;0.00;0.00;0.29
hubspot crm reporting;50;50;23.39;https://attio.com/;0.00;0.00;0.27
hubspot crm reporting;63;50;23.39;https://attio.com/;0.00;0.00;0.27
c e r m principal santa helena pr;24;260;0.00;https://attio.com/next-gen;0.00;0.00;0.00
motion ai calendar app;53;70;3.35;https://attio.com/;0.00;0.00;0.17
what is b2c crm;62;50;0.00;https://attio.com/;0.00;0.00;0.33
real estate agent wikipedia;28;70;0.00;https://attio.com/;0.00;0.00;0.00
real estate agent wikipedia;33;70;0.00;https://attio.com/;0.00;0.00;0.00
real estate agent wikipedia;54;70;0.00;https://attio.com/;0.00;0.00;0.00
crm connect;27;40;5.41;https://attio.com/;0.00;0.00;0.37
deal driven app;40;50;7.05;https://attio.com/;0.00;0.00;0.08
deal driven app;43;50;7.05;https://attio.com/;0.00;0.00;0.08
sign modern;44;50;96.97;https://attio.com/;0.00;0.00;0.51
intégration crm;39;50;0.00;https://attio.com/;0.00;0.00;0.00
saas how to start;69;30;6.76;https://attio.com/;0.00;0.00;0.63
crm stok;33;170;2.68;https://attio.com/;0.00;0.00;0.00
symbol for nurture;50;70;0.00;https://attio.com/;0.00;0.00;0.00
dropbox crm;27;30;25.53;https://attio.com/apps/dropbox;0.00;0.00;0.64
vcs scheduling login;19;260;0.00;https://attio.com/;0.00;0.00;0.07
crm telemarketing;14;210;0.00;https://attio.com/;0.00;0.00;0.17
basic crm system free;59;170;18.26;https://attio.com/;0.00;0.00;0.78
healthcare crm tools;42;260;17.40;https://attio.com/;0.00;0.00;0.11
best crm software for customer service;80;30;28.19;https://attio.com/;0.00;0.00;0.52
what does ato mean in text;49;170;0.00;https://attio.com/;0.00;0.00;0.00
free crm email marketing software;50;70;6.48;https://attio.com/;0.00;0.00;0.75
stripe landing page;41;50;15.99;https://attio.com/;0.00;0.00;0.35
what is crm platform;28;320;5.98;https://attio.com/;0.00;0.00;0.37
emergent hiring;58;40;1.34;https://attio.com/;0.00;0.00;0.12
free ai sales tools;36;70;7.71;https://attio.com/;0.00;0.00;0.88
stripe investor relations;31;50;0.00;https://attio.com/;0.00;0.00;0.00
connect notion to anytype;33;70;0.00;https://attio.com/;0.00;0.00;0.00
online crm app;8;40;0.00;https://attio.com/;0.00;0.00;0.00
ltd sales meaning;50;40;0.00;https://attio.com/;0.00;0.00;0.01
ltd sales meaning;54;40;0.00;https://attio.com/;0.00;0.00;0.01
process of customer relationship management;81;170;0.00;https://attio.com/;0.00;0.00;0.00
magic ai careers;63;40;0.00;https://attio.com/;0.00;0.00;0.01
stripe vc;42;30;10.90;https://attio.com/;0.00;0.00;0.02
ceres nonprofit;63;70;6.50;https://attio.com/;0.00;0.00;0.14
native advertising pricing models;88;40;0.00;https://attio.com/;0.00;0.00;0.33
intercom define;64;320;0.00;https://attio.com/;0.00;0.00;0.00
site web moderne;56;320;2.89;https://attio.com/;0.00;0.00;0.39
ai sales systems;35;140;13.40;https://attio.com/;0.00;0.00;0.43
allo.com;54;90;4.79;https://attio.com/apps/mobile-first-integrations-allo;0.00;0.00;0.12
crm / erp;50;170;21.18;https://attio.com/;0.00;0.00;0.40
pagination api;79;170;0.00;https://docs.attio.com/rest-api/guides/pagination;0.00;0.00;0.02
crunchbasw;46;50;5.05;https://attio.com/;0.00;0.00;0.13
data flexibility;25;90;0.00;https://attio.com/;0.00;0.00;0.02
marketing automation wikipedia;17;40;0.00;https://attio.com/;0.00;0.00;0.00
marketing automation wikipedia;21;40;0.00;https://attio.com/;0.00;0.00;0.00
calendar sdk;58;140;5.83;https://attio.com/;0.00;0.00;0.18
calendar sdk;60;140;5.83;https://attio.com/;0.00;0.00;0.18
crm business model;54;70;2.90;https://attio.com/;0.00;0.00;0.32
saas free;52;50;1.16;https://attio.com/;0.00;0.00;0.04
sales engagement model;65;50;0.00;https://attio.com/;0.00;0.00;0.05
crms meaning;52;720;5.92;https://attio.com/;0.00;0.00;0.11
yc request for startups;53;720;7.63;https://attio.com/;0.00;0.00;0.03
deal driven;27;90;8.20;https://attio.com/;0.00;0.00;0.17
crm next;11;70;9.79;https://attio.com/;0.00;0.00;0.19
hubspot sales crm pricing;57;30;20.47;https://attio.com/;0.00;0.00;0.59
kanban view;25;720;5.26;https://attio.com/help/reference/managing-your-data/views/create-and-manage-kanban-views;0.00;0.00;0.31
crm developer;24;320;18.32;https://attio.com/;0.00;0.00;0.21
gtm demo site;28;50;0.00;https://attio.com/;0.00;0.00;0.64
stripe for nonprofits;82;590;5.19;https://attio.com/;0.00;0.00;0.73
nouvelle new generation;35;30;1.32;https://attio.com/;0.00;0.00;0.34
cometly app;7;40;0.57;https://attio.com/apps/cometly;0.00;0.00;0.03
crm tools definition;53;140;7.06;https://attio.com/;0.00;0.00;0.19
b2c meaning;83;4400;4.08;https://attio.com/;0.00;0.00;0.07
crm applications;76;1600;16.05;https://attio.com/;0.00;0.00;0.52
deal startup;35;50;14.46;https://attio.com/startups;0.00;0.00;0.23
uhubs pulse score vs traditional sales metrics;29;50;0.00;https://attio.com/blog/monitoring-pls-metrics-that-matter;0.00;0.00;0.00
day crm;26;30;13.90;https://attio.com/;0.00;0.00;0.36
gtm fund;37;210;0.00;https://attio.com/;0.00;0.00;0.01
union square ventures portfolio;54;40;0.00;https://attio.com/customers/union-square-ventures;0.00;0.00;0.33
basic crm functions;39;90;0.00;https://attio.com/;0.00;0.00;0.86
linear app logo;57;110;0.00;https://attio.com/help/apps/other-apps/linear-app;0.00;0.00;0.00
ai for sales emails;35;90;0.00;https://attio.com/;0.00;0.00;0.07
customer-relationship management customer management software;10;40;0.00;https://attio.com/;0.00;0.00;0.00
crm definition software;63;50;3.99;https://attio.com/;0.00;0.00;0.25
crm warehouse;22;30;18.16;https://attio.com/;0.00;0.00;0.44
top crm platforms;30;480;18.92;https://attio.com/;0.00;0.00;0.74
custom crm system development;31;50;21.49;https://attio.com/;0.00;0.00;0.07
magic ats;35;50;0.00;https://attio.com/;0.00;0.00;0.33
crm systems for sales;82;50;20.11;https://attio.com/;0.00;0.00;0.04
apollo waterfall enrichment;34;40;12.23;https://attio.com/apps/apollo-enrichment;0.00;0.00;0.27
salesforce opportunity scoring;48;40;10.28;https://attio.com/;0.00;0.00;0.11
advanced data enrichment;94;50;0.00;https://attio.com/pricing;0.00;0.00;0.00
çrm;22;50;13.73;https://attio.com/;0.00;0.00;0.47
best free sales crm;28;70;15.48;https://attio.com/;0.00;0.00;0.96
best free sales crm;52;70;15.48;https://attio.com/;0.00;0.00;0.96
best crm platforms;36;590;18.92;https://attio.com/;0.00;0.00;0.74
define tio;40;480;0.00;https://attio.com/;0.00;0.00;0.00
business automation crm;13;30;3.59;https://attio.com/;0.00;0.00;0.44
sembly;20;1300;3.85;https://attio.com/apps/semblyai;0.00;0.00;0.21
hightouch integrations;36;30;21.25;https://attio.com/apps/hightouch;0.00;0.00;0.56
erp sales leads;35;70;0.00;https://attio.com/;0.00;0.00;0.00
the crm center;21;260;12.55;https://attio.com/;0.00;0.00;0.16
how do workos competitors handle api rate limits;57;40;0.00;https://docs.attio.com/rest-api/guides/rate-limiting;0.00;0.00;0.00
hubspot client onboarding;53;210;0.00;https://attio.com/;0.00;0.00;0.57
attio reviews;14;90;13.72;https://attio.com/;0.00;0.00;0.37
how finance can support gtm teams better;90;70;0.00;https://attio.com/;0.00;0.00;0.00
crms homepage;33;90;22.42;https://attio.com/;0.00;0.00;0.04
ati ia;37;210;3.78;https://attio.com/;0.00;0.00;0.15
b2c pro login;28;40;0.00;https://attio.com/;0.00;0.00;0.33
easy crm;81;590;25.42;https://attio.com/;0.00;0.00;0.67
l mos market;29;140;0.00;https://attio.com/;0.00;0.00;0.00
intercom ai features;64;40;0.00;https://attio.com/;0.00;0.00;0.24
consumer relationship marketing;43;90;7.50;https://attio.com/;0.00;0.00;0.04
pipeline crm pricing;30;210;15.85;https://attio.com/;0.00;0.00;0.59
pandadoc crm integrations;15;90;0.00;https://attio.com/apps/pandadoc;0.00;0.00;0.05
pandadoc crm integrations;24;90;0.00;https://attio.com/apps/pandadoc;0.00;0.00;0.05
cem software;36;140;10.90;https://attio.com/;0.00;0.00;0.15
crm customer relationships;54;30;13.73;https://attio.com/;0.00;0.00;0.47
crm group;21;140;2.07;https://attio.com/;0.00;0.00;0.03
most used crms;34;40;17.03;https://attio.com/;0.00;0.00;0.58
hubspot contact enrichment;77;40;17.03;https://attio.com/;0.00;0.00;0.40
hubspot wikipedia;26;390;15.48;https://attio.com/;0.00;0.00;0.10
stripe integrations;45;110;8.33;https://attio.com/;0.00;0.00;0.61
tio tech;10;40;0.00;https://attio.com/;0.00;0.00;0.33
cronchbase;37;140;5.05;https://attio.com/;0.00;0.00;0.13
saas quick profits;81;40;0.00;https://attio.com/;0.00;0.00;0.00
gen up gmbh;18;40;0.00;https://attio.com/;0.00;0.00;0.33
gen up gmbh;39;40;0.00;https://attio.com/;0.00;0.00;0.33
lokacija;20;50;0.00;https://attio.com/;0.00;0.00;0.33
pipelinedeals affiliate program;35;260;0.00;https://attio.com/;0.00;0.00;0.00
whats the crm;55;40;0.00;https://attio.com/;0.00;0.00;0.31
company crm system;8;140;28.75;https://attio.com/;0.00;0.00;0.57
stripe help center;21;70;0.00;https://attio.com/;0.00;0.00;0.01
definitions of crm;68;50;5.92;https://attio.com/;0.00;0.00;0.11
what does crm;59;590;9.35;https://attio.com/;0.00;0.00;0.24
gv backend;26;140;0.00;https://attio.com/careers/senior-product-engineer-backend-europe-remote;0.00;0.00;0.00
intercom stock price;27;30;40.49;https://attio.com/;0.00;0.00;0.09
top mortgage crm;61;90;0.00;https://attio.com/;0.00;0.00;0.67
crm for personal use;69;70;8.84;https://attio.com/;0.00;0.00;0.65
create a crm;14;40;8.68;https://attio.com/;0.00;0.00;0.66
magpai;4;40;2.80;https://attio.com/apps/magpai;0.00;0.00;0.01
notion ultimate seed template data room sales call;55;1900;0.00;https://attio.com/;0.00;0.00;0.00
plg software;64;70;10.91;https://attio.com/;0.00;0.00;0.54
stripe changelog;21;110;0.00;https://attio.com/;0.00;0.00;0.00
lead adalah;31;40;0.00;https://attio.com/;0.00;0.00;0.33
crm digital marketing agency;44;90;0.00;https://attio.com/;0.00;0.00;0.04
crm digital marketing agency;64;90;0.00;https://attio.com/;0.00;0.00;0.04
stripe hubspot integration;54;210;11.67;https://attio.com/;0.00;0.00;0.30
crm download software;68;30;17.03;https://attio.com/;0.00;0.00;0.70
crm blog;22;90;7.92;https://attio.com/blog;0.00;0.00;0.21
gen leads;51;140;6.60;https://attio.com/;0.00;0.00;0.01
hubspot permissions;71;140;0.00;https://attio.com/;0.00;0.00;0.04
salesforce是什么公司;41;260;0.00;https://attio.com/;0.00;0.00;0.33
pros of integrated crm features;69;40;0.00;https://attio.com/;0.00;0.00;0.00
crm customer relationship management wikipedia;28;50;0.00;https://attio.com/;0.00;0.00;0.08
crm customer relationship management wikipedia;31;50;0.00;https://attio.com/;0.00;0.00;0.08
stripe saas billing;46;40;50.73;https://attio.com/;0.00;0.00;0.69
sales crm solutions;14;50;0.00;https://attio.com/;0.00;0.00;0.19
basepoint academy reviews;38;50;3.66;https://attio.com/;0.00;0.00;0.10
england relationship with natives;72;90;0.00;https://attio.com/;0.00;0.00;0.00
cms with fast handoff between developers and clients.;84;40;0.00;https://attio.com/;0.00;0.00;0.00
realtor crm free;83;70;15.39;https://attio.com/;0.00;0.00;0.81
crm person;27;30;8.97;https://attio.com/;0.00;0.00;0.63
data pipeline是什么;50;50;0.00;https://attio.com/;0.00;0.00;0.08
free crm platforms;65;390;21.13;https://attio.com/;0.00;0.00;0.27
software for sales leads;14;90;21.41;https://attio.com/;0.00;0.00;0.37
迪奥官网;9;320;0.00;https://attio.com/;0.00;0.00;0.00
crm software google apps;67;70;16.62;https://attio.com/;0.00;0.00;0.15
crm software google apps;68;70;16.62;https://attio.com/;0.00;0.00;0.15
flexible data model;42;70;0.00;https://attio.com/;0.00;0.00;0.08
flexible data model;55;70;0.00;https://attio.com/;0.00;0.00;0.08
workspace consultants;51;170;8.09;https://attio.com/;0.00;0.00;0.35
modern crm integrations;13;40;0.00;https://attio.com/;0.00;0.00;0.00
modern crm integrations;23;40;0.00;https://attio.com/;0.00;0.00;0.00
free crm management software;69;90;12.08;https://attio.com/;0.00;0.00;0.64
app developers in london;20;70;0.00;https://attio.com/;0.00;0.00;0.09
intercom ticket system;39;40;26.26;https://attio.com/;0.00;0.00;0.53
intercom dashboard;55;40;17.55;https://attio.com/;0.00;0.00;0.18
web crm software;70;260;0.00;https://attio.com/;0.00;0.00;0.07
web crm software;78;260;0.00;https://attio.com/;0.00;0.00;0.07
hubspot google calendar integration;52;50;13.78;https://attio.com/;0.00;0.00;0.24
hubspot academy free sales courses;39;50;0.00;https://attio.com/;0.00;0.00;0.01
systeme crm;19;90;14.86;https://attio.com/;0.00;0.00;0.44
kingsley name origin;44;260;0.00;https://attio.com/;0.00;0.00;0.00
crunchase;36;170;5.05;https://attio.com/;0.00;0.00;0.13
magic number saas;75;480;4.07;https://attio.com/;0.00;0.00;0.10
relationship management tool;7;70;31.71;https://attio.com/;0.00;0.00;0.36
ati homepage;25;70;2.04;https://attio.com/;0.00;0.00;0.03
hubspot business card scanner;41;320;14.09;https://attio.com/;0.00;0.00;0.19
crm software for mac free;19;40;4.62;https://attio.com/;0.00;0.00;0.11
sequencing symbol;56;40;0.00;https://attio.com/;0.00;0.00;0.00
hubsport crm;45;320;36.28;https://attio.com/;0.00;0.00;0.42
hubspot demand generation;52;50;0.00;https://attio.com/;0.00;0.00;0.26
top healthcare crm;55;70;0.00;https://attio.com/;0.00;0.00;0.01
help builders get found online and win leads;94;50;0.00;https://attio.com/;0.00;0.00;0.00
cms vs crm vs erp;86;30;4.72;https://attio.com/;0.00;0.00;0.27
cms vs crm vs erp;89;30;4.72;https://attio.com/;0.00;0.00;0.27
outreach io salesforce integration;32;50;9.22;https://attio.com/apps/outreach;0.00;0.00;0.43
outreach io salesforce integration;48;50;9.22;https://attio.com/;0.00;0.00;0.43
outreach io salesforce integration;68;50;9.22;https://attio.com/apps/outreach;0.00;0.00;0.43
emergent pricing;42;70;2.28;https://attio.com/;0.00;0.00;0.08
orbit.ai;13;50;4.86;https://attio.com/apps/orbit-ai;0.00;0.00;0.23
build your own crm system;23;140;15.81;https://attio.com/;0.00;0.00;0.70
crm and billing;24;50;25.41;https://attio.com/;0.00;0.00;0.49
customer contact management system;12;50;0.00;https://attio.com/;0.00;0.00;0.33
customer contact management system;45;50;0.00;https://attio.com/;0.00;0.00;0.33
what are the best ai tools for sales gtm;57;70;0.00;https://attio.com/;0.00;0.00;0.00
crm management new york;26;40;0.00;https://attio.com/;0.00;0.00;0.27
ontio;58;3600;0.79;https://attio.com/apps;0.00;0.00;0.03
calendar crm;31;50;10.07;https://attio.com/;0.00;0.00;0.81
freeware sales management software;28;50;30.28;https://attio.com/;0.00;0.00;0.29
freeware sales management software;33;50;30.28;https://attio.com/;0.00;0.00;0.29
web crm;14;390;18.10;https://attio.com/;0.00;0.00;0.44
pandadoc app;9;210;8.64;https://attio.com/help/apps/other-apps/pandadoc-app;0.00;0.00;0.21
what are crm systems used for;75;50;4.27;https://attio.com/;0.00;0.00;0.29
stripe define;46;590;0.00;https://attio.com/;0.00;0.00;0.00
app hubspot login;11;210;0.00;https://attio.com/;0.00;0.00;0.00
best crm applications;34;170;14.78;https://attio.com/;0.00;0.00;0.53
ato entities connected with you and control relationships;51;40;0.00;https://attio.com/;0.00;0.00;0.00
meetings.hubspot;37;480;15.60;https://attio.com/;0.00;0.00;0.56
account based marketing crm;38;90;0.00;https://attio.com/;0.00;0.00;0.11
customer relation manager;57;170;13.73;https://attio.com/;0.00;0.00;0.47
attio company information;8;170;0.00;https://attio.com/p/crm-1031-24;0.00;0.00;0.00
attio company information;11;170;0.00;https://attio.com/careers;0.00;0.00;0.00
attio company information;13;170;0.00;https://attio.com/help/reference/managing-your-data/enriched-data;0.00;0.00;0.00
attio company information;18;170;0.00;https://attio.com/legal/terms-and-conditions;0.00;0.00;0.00
attio company information;24;170;0.00;https://docs.attio.com/docs/overview;0.00;0.00;0.00
attio company information;31;170;0.00;https://attio.com/startups;0.00;0.00;0.00
attio company information;38;170;0.00;https://attio.com/blog/introducing-attio-ai-research-agent;0.00;0.00;0.00
attio company information;42;170;0.00;https://attio.com/help/reference/managing-your-data/enriched-data;0.00;0.00;0.00
attio company information;43;170;0.00;https://attio.com/startups;0.00;0.00;0.00
attio company information;46;170;0.00;https://attio.com/help/reference/attio-101/attios-data-model/understanding-attio-data-model;0.00;0.00;0.00
attio company information;49;170;0.00;https://attio.com/help/reference/managing-your-data/records/create-and-view-records;0.00;0.00;0.00
attio company information;58;170;0.00;https://docs.attio.com/docs/standard-objects/standard-objects-companies;0.00;0.00;0.00
attio company information;66;170;0.00;https://attio.com/customers;0.00;0.00;0.00
attio company information;72;170;0.00;https://attio.com/help/reference/managing-your-data/records/create-and-view-records;0.00;0.00;0.00
attio company information;73;170;0.00;https://attio.com/experts;0.00;0.00;0.00
attio company information;75;170;0.00;https://attio.com/pricing;0.00;0.00;0.00
attio company information;78;170;0.00;https://attio.com/next-gen;0.00;0.00;0.00
attio company information;79;170;0.00;https://attio.com/platform/productivity;0.00;0.00;0.00
attio company information;80;170;0.00;https://attio.com/p/crm_for_startups-2205-25;0.00;0.00;0.00
attio company information;81;170;0.00;https://attio.com/blog/attio-raises-52m-series-b;0.00;0.00;0.00
attio company information;82;170;0.00;https://attio.com/legal/acceptable-use;0.00;0.00;0.00
attio company information;83;170;0.00;https://attio.com/platform/data;0.00;0.00;0.00
attio company information;84;170;0.00;https://attio.com/help/reference/support/contact-attio-support;0.00;0.00;0.00
attio company information;85;170;0.00;https://attio.com/blog/introducing-attio-objects;0.00;0.00;0.00
attio company information;86;170;0.00;https://attio.com/help/reference/attio-101/introduction;0.00;0.00;0.00
attio company information;89;170;0.00;https://attio.com/solutions/startup-crm;0.00;0.00;0.00
attio company information;90;170;0.00;https://attio.com/legal/privacy;0.00;0.00;0.00
attio company information;91;170;0.00;https://attio.com/legal/privacy;0.00;0.00;0.00
attio company information;92;170;0.00;https://attio.com/p/ai-crm;0.00;0.00;0.00
attio company information;93;170;0.00;https://attio.com/help/reference/attio-101/syncing-people-and-companies;0.00;0.00;0.00
attio company information;94;170;0.00;https://attio.com/contact/sales;0.00;0.00;0.00
attio company information;95;170;0.00;https://attio.com/help/reference/workspace-settings-billing/attio-plans-and-features;0.00;0.00;0.00
attio company information;96;170;0.00;https://docs.attio.com/rest-api/endpoint-reference/companies/create-a-company-record;0.00;0.00;0.00
attio company information;97;170;0.00;https://attio.com/p/crm-for-sales-4;0.00;0.00;0.00
attio company information;98;170;0.00;https://attio.com/platform/ai;0.00;0.00;0.00
attio company information;99;170;0.00;https://attio.com/help/reference/industry-guides;0.00;0.00;0.00
attio company information;100;170;0.00;https://attio.com/help/reference/attio-101/attios-data-model;0.00;0.00;0.00
plg marketing software;41;40;5.83;https://attio.com/;0.00;0.00;0.11
customer relationship management program;13;70;13.65;https://attio.com/;0.00;0.00;0.60
crm realty management;74;30;3.69;https://attio.com/;0.00;0.00;0.71
intelligent process automation wiki;30;40;0.00;https://attio.com/;0.00;0.00;0.00
intelligent process automation wiki;33;40;0.00;https://attio.com/;0.00;0.00;0.00
narzędzia crm;24;110;0.00;https://attio.com/;0.00;0.00;0.33
courses for customer relationship management;61;30;4.23;https://attio.com/;0.00;0.00;0.33
zapier clay integration;53;30;7.55;https://attio.com/apps/clay;0.00;0.00;0.43
evaluate the crm company hubspot on lead generation;56;50;0.00;https://attio.com/;0.00;0.00;0.00
crm tool for sales;12;110;13.07;https://attio.com/;0.00;0.00;0.06
attio crunchbase;6;90;0.00;https://attio.com/;0.00;0.00;0.03
crm logos;22;90;9.39;https://attio.com/;0.00;0.00;0.01
crm logos;31;90;9.39;https://attio.com/;0.00;0.00;0.01
send sms salesforce;75;30;18.55;https://attio.com/;0.00;0.00;0.25
crm account;14;70;15.61;https://attio.com/;0.00;0.00;0.61
what makes a good crm;45;50;8.06;https://attio.com/;0.00;0.00;0.70
what are the agencies helpful in saas trial signups;74;50;0.00;https://attio.com/;0.00;0.00;0.00
vc crm;20;140;27.52;https://attio.com/;0.00;0.00;0.25
vc crm;91;140;27.52;https://attio.com/p/crm-for-vc;0.00;0.00;0.25
contact relationship management software review;44;70;13.22;https://attio.com/;0.00;0.00;0.07
ask around meaning;71;70;0.00;https://attio.com/;0.00;0.00;0.33
what is a saas cms;69;90;0.00;https://attio.com/;0.00;0.00;0.36
asking for collaboration;61;50;0.00;https://attio.com/;0.00;0.00;0.33
what is crm database;54;480;9.33;https://attio.com/;0.00;0.00;0.20
what is crm database;59;480;9.33;https://attio.com/;0.00;0.00;0.20
crm samples;33;50;11.39;https://attio.com/;0.00;0.00;0.48
dylan from next gen nyc;31;170;0.00;https://attio.com/;0.00;0.00;0.00
hubspot sequencing;51;30;16.16;https://attio.com/;0.00;0.00;0.30
ats saas;83;50;14.07;https://attio.com/;0.00;0.00;0.80
can you integrate advertising platforms with crm systems;60;90;0.00;https://attio.com/;0.00;0.00;0.00
register ati;33;90;0.00;https://attio.com/;0.00;0.00;0.00
register ati;47;90;0.00;https://attio.com/;0.00;0.00;0.00
register ati;49;90;0.00;https://attio.com/;0.00;0.00;0.00
pivot medtech;43;40;0.00;https://attio.com/;0.00;0.00;0.03
att domain;28;110;2.72;https://attio.com/;0.00;0.00;0.16
salesforce crm interface;42;50;8.53;https://attio.com/;0.00;0.00;0.13
best business cards for custom law firm workflows;86;40;0.00;https://attio.com/;0.00;0.00;0.00
crm programs meaning;72;90;0.00;https://attio.com/;0.00;0.00;0.23
cost of crm software;85;110;11.09;https://attio.com/;0.00;0.00;0.28
customer crm free;19;260;15.87;https://attio.com/;0.00;0.00;0.59
b2c lead scoring;64;40;0.00;https://attio.com/;0.00;0.00;0.81
b2c lead scoring;79;40;0.00;https://attio.com/;0.00;0.00;0.81
free car leads for salesman;23;110;0.00;https://attio.com/;0.00;0.00;0.00
hire sales managers in germany;93;70;0.00;https://attio.com/careers;0.00;0.00;0.00
cem development;61;40;0.00;https://attio.com/;0.00;0.00;0.02
stripe hq;38;880;0.00;https://attio.com/;0.00;0.00;0.00
founder of att;53;70;34.74;https://attio.com/;0.00;0.00;0.00
ai powered crm tools;7;30;14.57;https://attio.com/;0.00;0.00;0.46
fund sourcing meaning;67;50;0.00;https://attio.com/;0.00;0.00;0.33
crm finance;48;720;10.74;https://attio.com/;0.00;0.00;0.27
online contact management;16;140;14.06;https://attio.com/;0.00;0.00;0.15
evaluate alex price on saas marketing;89;40;0.00;https://attio.com/;0.00;0.00;0.00
hire crm expert;44;40;0.00;https://attio.com/careers;0.00;0.00;0.00
crm for power companies;16;90;0.00;https://attio.com/;0.00;0.00;0.00
hubspot web design firms;75;70;22.41;https://attio.com/;0.00;0.00;0.49
magic hr ai;53;140;0.00;https://attio.com/;0.00;0.00;0.00
finance in motion gmbh;51;50;0.00;https://attio.com/;0.00;0.00;0.00
how to create your own crm system;33;40;12.70;https://attio.com/;0.00;0.00;0.80
crm for google workspace;60;70;12.40;https://attio.com/;0.00;0.00;0.61
freeware crm software;75;390;12.08;https://attio.com/;0.00;0.00;0.64
freeware crm software;84;390;12.08;https://attio.com/;0.00;0.00;0.64
design manager hubspot;34;40;0.00;https://attio.com/;0.00;0.00;0.10
design manager hubspot;38;40;0.00;https://attio.com/;0.00;0.00;0.10
enterprise resource planning wiki;26;70;0.00;https://attio.com/;0.00;0.00;0.00
how to make a crm;20;40;10.90;https://attio.com/;0.00;0.00;0.83
exact software company;41;70;6.34;https://attio.com/;0.00;0.00;0.06
snowflake notification integration;53;70;0.00;https://attio.com/;0.00;0.00;0.01
sales and crm meaning;70;40;0.00;https://attio.com/;0.00;0.00;0.22
crm ios;22;110;6.40;https://attio.com/;0.00;0.00;0.51
ati billing;21;210;1.70;https://attio.com/;0.00;0.00;0.06
define sals;33;110;0.00;https://attio.com/;0.00;0.00;0.00
saas based crm;26;40;0.00;https://attio.com/;0.00;0.00;0.02
crmsales;32;40;0.00;https://attio.com/;0.00;0.00;0.06
bdr customer sample email;58;140;0.00;https://attio.com/;0.00;0.00;0.00
intercom sign in;18;320;0.00;https://attio.com/;0.00;0.00;0.01
greenleaf jobs;53;70;0.00;https://attio.com/;0.00;0.00;0.02
free trial att;43;110;6.20;https://attio.com/;0.00;0.00;0.51
hubspot web development agency;79;90;0.00;https://attio.com/;0.00;0.00;0.62
hubspot web development agency;81;90;0.00;https://attio.com/;0.00;0.00;0.62
need call recording software that generates actionable insights using ai;9;90;0.00;https://attio.com/help/academy/introduction/call-intelligence;0.00;0.00;0.00
need call recording software that generates actionable insights using ai;18;90;0.00;https://attio.com/help/academy/introduction/call-intelligence;0.00;0.00;0.00
crm software for construction industry;34;40;18.85;https://attio.com/;0.00;0.00;0.33
evaluate the b2b company hubspot on it services;61;70;0.00;https://attio.com/;0.00;0.00;0.00
sales funnel report;25;70;10.92;https://attio.com/help/reference/managing-your-data/dashboard-and-reports/set-up-a-funnel-report;0.00;0.00;0.32
pipeline free;46;30;25.28;https://attio.com/;0.00;0.00;0.45
pipeline free;57;30;25.28;https://attio.com/;0.00;0.00;0.45
ai o block;34;210;0.00;https://attio.com/help/academy/workflows-course/ai-blocks;0.00;0.00;0.00
sales crm for startups;16;90;0.00;https://attio.com/;0.00;0.00;0.21
crm for;8;30;19.43;https://attio.com/;0.00;0.00;0.23
crm for;10;30;19.43;https://attio.com/;0.00;0.00;0.23
search engine marketing brescia;31;260;0.00;https://attio.com/;0.00;0.00;0.00
media crm software;13;40;0.00;https://attio.com/;0.00;0.00;0.40
mcp atlas;41;70;0.00;https://attio.com/;0.00;0.00;0.33
crm pipe;19;50;16.80;https://attio.com/;0.00;0.00;0.64
aircall salesforce integration;36;40;14.77;https://attio.com/apps/aircall;0.00;0.00;0.34
crm with billing;20;170;15.98;https://attio.com/;0.00;0.00;0.66
sync crm real estate;38;30;35.68;https://attio.com/;0.00;0.00;0.61
greenleaf management llc;33;170;2.41;https://attio.com/;0.00;0.00;0.03
crm blogspot;26;40;7.92;https://attio.com/blog;0.00;0.00;0.21
wiza linkedin;15;70;13.19;https://attio.com/apps/wiza;0.00;0.00;0.38
mobile app development analytics crm integration;64;40;0.00;https://attio.com/apps;0.00;0.00;0.00
crm outil;19;90;10.61;https://attio.com/;0.00;0.00;0.22
nexgen application;47;40;0.00;https://attio.com/;0.00;0.00;0.01
saas crm meaning;62;40;0.00;https://attio.com/;0.00;0.00;0.33
crm software consultant;53;50;0.00;https://attio.com/;0.00;0.00;0.09
sync com pricing;75;50;3.66;https://attio.com/pricing;0.00;0.00;0.57
notion erp;29;30;20.24;https://attio.com/;0.00;0.00;0.79
hubspot analytics dashboard;61;70;0.00;https://attio.com/;0.00;0.00;0.07
hubspot crm workflows;72;50;0.00;https://attio.com/;0.00;0.00;0.16
greenleaf and co reviews;60;40;0.00;https://attio.com/;0.00;0.00;0.33
saas demo software;81;110;16.66;https://attio.com/;0.00;0.00;0.91
whats is crm;40;70;11.50;https://attio.com/;0.00;0.00;0.23
crm ads;26;210;12.89;https://attio.com/;0.00;0.00;0.28
open phone hubspot integration;35;40;18.91;https://attio.com/;0.00;0.00;0.48
open phone hubspot integration;42;40;18.91;https://attio.com/;0.00;0.00;0.48
hubspot developer documentation;34;30;16.34;https://attio.com/;0.00;0.00;0.17
revenue attribution hubspot;76;50;0.00;https://attio.com/;0.00;0.00;0.14
modern marketer;51;50;4.22;https://attio.com/;0.00;0.00;0.20
mos github;35;50;0.00;https://attio.com/;0.00;0.00;0.33
interface crm;19;30;11.81;https://attio.com/;0.00;0.00;0.32
close crm integrations;46;50;11.17;https://attio.com/;0.00;0.00;0.44
tio means;49;210;0.00;https://attio.com/;0.00;0.00;0.00
intercom integration with hubspot;54;90;0.00;https://attio.com/;0.00;0.00;0.00
attio mcp;2;30;8.05;https://attio.com/changelog/mcp-server;0.00;0.00;0.09
attio mcp;5;30;8.05;https://attio.com/engineering/blog/building-better-software-with-ai;0.00;0.00;0.09
attio mcp;8;30;8.05;https://attio.com/;0.00;0.00;0.09
attio mcp;27;30;8.05;https://docs.attio.com/docs/overview;0.00;0.00;0.09
attio mcp;32;30;8.05;https://attio.com/experts/the-workflow-company;0.00;0.00;0.09
attio mcp;42;30;8.05;https://attio.com/experts/the-workflow-company;0.00;0.00;0.09
attio mcp;65;30;8.05;https://attio.com/help;0.00;0.00;0.09
attio mcp;70;30;8.05;https://attio.com/apps/teammates;0.00;0.00;0.09
attio mcp;80;30;8.05;https://attio.com/blog/introducing-attio-ai-research-agent;0.00;0.00;0.09
attio mcp;88;30;8.05;https://attio.com/platform/ai;0.00;0.00;0.09
google adwords for saas;71;70;0.00;https://attio.com/;0.00;0.00;0.11
what does crm manager do;72;170;0.00;https://attio.com/;0.00;0.00;0.01
composio dev;17;50;3.58;https://attio.com/apps/composio;0.00;0.00;0.34
composio dev;21;50;3.58;https://attio.com/apps/composio;0.00;0.00;0.34
stripe india pvt ltd;39;40;0.00;https://attio.com/;0.00;0.00;0.13
crm consultants uk;50;50;0.00;https://attio.com/;0.00;0.00;0.00
crm consultants uk;51;50;0.00;https://attio.com/;0.00;0.00;0.00
new home sales crm;15;50;0.00;https://attio.com/;0.00;0.00;0.00
customer relations vs customer service;76;110;0.00;https://attio.com/;0.00;0.00;0.00
app crm;10;170;12.44;https://attio.com/;0.00;0.00;0.53
gtm engines;43;50;0.00;https://attio.com/;0.00;0.00;0.33
crm strategy based on b2c model;46;70;0.00;https://attio.com/;0.00;0.00;0.00
crm strategy based on b2c model;54;70;0.00;https://attio.com/;0.00;0.00;0.00
crm software apps;89;590;16.05;https://attio.com/;0.00;0.00;0.52
segment.com;37;140;14.30;https://attio.com/apps/segment;0.00;0.00;0.13
build a custom crm;24;40;31.06;https://attio.com/;0.00;0.00;0.28
crm for mortgage companies;34;210;23.81;https://attio.com/;0.00;0.00;0.32
mortgage lead generation software;80;50;0.00;https://attio.com/;0.00;0.00;0.49
attio mcp server;3;40;0.00;https://attio.com/changelog/mcp-server;0.00;0.00;0.05
attio mcp server;6;40;0.00;https://attio.com/engineering/blog/building-better-software-with-ai;0.00;0.00;0.05
attio mcp server;13;40;0.00;https://docs.attio.com/sdk/guides/ai;0.00;0.00;0.05
attio mcp server;21;40;0.00;https://attio.com/;0.00;0.00;0.05
attio mcp server;45;40;0.00;https://attio.com/experts/the-workflow-company;0.00;0.00;0.05
attio mcp server;50;40;0.00;https://attio.com/platform/developers;0.00;0.00;0.05
attio mcp server;54;40;0.00;https://attio.com/apps/klavis-ai;0.00;0.00;0.05
