wing,source_domain,match_reason,Keyword,Position,Search Volume,CPC,Url,Traffic (%),Traffic Cost (%),Competition
Iris Platform,attio.com,iris keyword/path,free crm,11,8100,18.55,https://attio.com/,0.27,1.06,0.48
Iris Platform,myaifrontdesk.com,iris keyword/path,fusion web clinic,13,6600,2.60,https://www.myaifrontdesk.com/therapy/fusion-web-clinic-ai-integration,0.01,0.29,0.20
Iris Platform,myaifrontdesk.com,iris keyword/path,ai receptionist,4,5400,15.86,https://www.myaifrontdesk.com/,0.10,9.40,0.64
Iris Platform,myaifrontdesk.com,iris keyword/path,frontdesk,4,2900,3.20,https://www.myaifrontdesk.com/,0.03,0.69,0.55
dotfun AI Solutions,effectivesoft.com,ai solutions keyword,enterprise ai solutions,22,2900,22.75,https://www.effectivesoft.com/blog/top-enterprise-ai-companies.html,0.01,0.03,0.12
dotfun AI Solutions,tech.us,ai solutions keyword,enterprise ai solutions,29,2900,22.75,https://tech.us/services/enterprise-ai-services,0.09,0.13,0.12
Iris Platform,attio.com,iris keyword/path,crm applications,15,1600,16.05,https://attio.com/,0.00,0.02,0.52
Iris Platform,attio.com,iris keyword/path,crm application,17,1600,12.44,https://attio.com/,0.01,0.03,0.53
Iris Platform,attio.com,iris keyword/path,crm applications,76,1600,16.05,https://attio.com/,0.00,0.00,0.52
Iris Platform,myaifrontdesk.com,iris keyword/path,adult ai chatbot,9,1300,0.89,https://www.myaifrontdesk.com/blogs/exploring-the-landscape-of-adult-ai-chatbot-services-trends-and-user-experiences,0.01,0.06,0.39
Iris Platform,attio.com,iris keyword/path,crm companies,10,1300,8.53,https://attio.com/,0.03,0.06,0.51
Iris Platform,attio.com,iris keyword/path,open source crm,18,1300,10.52,https://attio.com/,0.00,0.01,0.61
Iris Platform,attio.com,iris keyword/path,attio crm,1,1000,7.41,https://attio.com/,5.41,8.49,0.68
dotfun AI Solutions,effectivesoft.com,ai solutions keyword,ai agent development services,1,1000,18.31,https://www.effectivesoft.com/ai-agent-development.html,1.24,2.01,0.10
dotfun AI Solutions,npgroup.net,ai solutions keyword,ai agent development company,5,1000,22.04,https://www.npgroup.net/automation/ai-agent-development/,7.91,29.72,0.15
Iris Platform,attio.com,iris keyword/path,business crm,6,1000,18.42,https://attio.com/,0.16,0.63,0.37
dotfun AI Solutions,effectivesoft.com,ai solutions keyword,ai agent development company,6,1000,22.04,https://www.effectivesoft.com/ai-agent-development.html,0.28,0.55,0.15
dotfun AI Solutions,tech.us,ai solutions keyword,ai agent development company,7,1000,22.04,https://tech.us/blog/top-ai-agent-development-companies-usa,1.10,1.54,0.15
dotfun AI Solutions,tech.us,ai solutions keyword,ai agent development services,7,1000,18.31,https://tech.us/blog/top-ai-agent-development-companies-usa,1.10,1.28,0.10
dotfun AI Solutions,appinventiv.com,ai solutions keyword,ai agent development company,10,1000,22.04,https://appinventiv.com/ai-agent-development-services/,0.04,0.07,0.15
Iris Platform,attio.com,iris keyword/path,sales crm softwares,15,1000,16.91,https://attio.com/,0.02,0.07,0.08
Iris Platform,attio.com,iris keyword/path,top crm,15,1000,17.24,https://attio.com/,0.00,0.02,0.68
Iris Platform,attio.com,iris keyword/path,crm system tools,16,1000,13.76,https://attio.com/,0.00,0.01,0.48
dotfun AI Solutions,deviniti.com,ai solutions keyword,ai agent development company,16,1000,22.04,https://deviniti.com/services/custom-ai-agent-llm-agent-development/,0.12,0.30,0.15
dotfun AI Solutions,deviniti.com,ai solutions keyword,ai agent development services,20,1000,18.31,https://deviniti.com/services/custom-ai-agent-llm-agent-development/,0.04,0.08,0.10
dotfun AI Solutions,effectivesoft.com,ai solutions keyword,ai agent frameworks,21,1000,7.28,https://www.effectivesoft.com/blog/top-frameworks-for-building-ai-agents.html,0.00,0.00,0.56
dotfun AI Solutions,npgroup.net,ai solutions keyword,ai agent development services,22,1000,18.31,https://www.npgroup.net/automation/ai-agent-development/,0.22,0.69,0.10
Iris Platform,attio.com,iris keyword/path,crm software development company,5,880,15.92,https://attio.com/,0.14,0.47,0.14
dotfun Growth Services,npgroup.net,growth keyword,web design nj,16,880,13.05,https://www.npgroup.net/new-jersey-digital-agency/,0.22,0.50,0.11
Iris Platform,attio.com,iris keyword/path,custom crm development,34,880,21.49,https://attio.com/,0.00,0.00,0.07
Iris Platform,attio.com,iris keyword/path,best small business crm,95,880,19.51,https://attio.com/,0.00,0.00,0.75
Iris Platform,attio.com,iris keyword/path,crm online,2,720,19.02,https://attio.com/,0.39,1.60,0.39
Iris Platform,attio.com,iris keyword/path,custom crm software,6,720,24.68,https://attio.com/,0.02,0.10,0.08
dotfun AI Solutions,appinventiv.com,ai solutions keyword,solo entrepreneur ai automation business ideas,6,720,0.00,https://appinventiv.com/blog/ai-agent-business-ideas/,0.01,0.00,0.00
dotfun Growth Services,npgroup.net,growth keyword,custom web design and development,9,720,0.00,https://www.npgroup.net/blog/what-custom-web-design/,2.94,0.00,0.00
Iris Platform,attio.com,iris keyword/path,crm online,10,720,19.02,https://attio.com/,0.03,0.13,0.39
dotfun Growth Services,npgroup.net,growth keyword,custom web design and development,10,720,0.00,https://www.npgroup.net/blog/what-custom-web-design/,0.45,0.00,0.00
Iris Platform,attio.com,iris keyword/path,email crm,11,720,25.40,https://attio.com/,0.03,0.18,0.63
Iris Platform,attio.com,iris keyword/path,crm software development,34,720,15.65,https://attio.com/,0.00,0.00,0.15
Iris Platform,attio.com,iris keyword/path,crm que es,48,720,3.96,https://attio.com/,0.00,0.00,0.47
Iris Platform,attio.com,iris keyword/path,crm finance,48,720,10.74,https://attio.com/,0.00,0.00,0.27
Iris Platform,attio.com,iris keyword/path,crm que es,54,720,3.96,https://attio.com/,0.00,0.00,0.47
dotfun Growth Services,npgroup.net,growth keyword,web design company nj,75,720,14.94,https://www.npgroup.net/new-jersey-digital-agency/,0.00,0.00,0.10
Iris Platform,attio.com,iris keyword/path,ai crm software,3,590,18.60,https://attio.com/,0.25,1.01,0.43
Iris Platform,attio.com,iris keyword/path,crm company,4,590,8.53,https://attio.com/,0.07,0.13,0.51
Iris Platform,attio.com,iris keyword/path,software sales crm,9,590,16.91,https://attio.com/,0.02,0.09,0.08
Iris Platform,attio.com,iris keyword/path,crm saas,10,590,12.38,https://attio.com/,0.01,0.03,0.53
dotfun Growth Services,npgroup.net,growth keyword,web design new jersey,10,590,13.05,https://www.npgroup.net/new-jersey-digital-agency/,0.90,2.00,0.11
Iris Platform,attio.com,iris keyword/path,crm solution,11,590,16.89,https://attio.com/,0.00,0.02,0.35
Iris Platform,attio.com,iris keyword/path,crm system software,12,590,10.89,https://attio.com/,0.00,0.01,0.10
Iris Platform,attio.com,iris keyword/path,manage crm,14,590,12.50,https://attio.com/,0.00,0.00,0.15
dotfun Growth Services,npgroup.net,growth keyword,new jersey web design,18,590,13.95,https://www.npgroup.net/new-jersey-digital-agency/,0.00,0.00,0.17
dotfun Growth Services,npgroup.net,growth keyword,new jersey web design,23,590,13.95,https://www.npgroup.net/new-jersey-digital-agency/,0.00,0.00,0.17
Iris Platform,attio.com,iris keyword/path,best crm platforms,36,590,18.92,https://attio.com/,0.00,0.00,0.74
Iris Platform,attio.com,iris keyword/path,what does crm,59,590,9.35,https://attio.com/,0.00,0.00,0.24
Iris Platform,attio.com,iris keyword/path,top crm systems,65,590,11.21,https://attio.com/,0.00,0.00,0.63
Iris Platform,attio.com,iris keyword/path,top crm systems,75,590,11.21,https://attio.com/,0.00,0.00,0.63
Iris Platform,attio.com,iris keyword/path,easy crm,81,590,25.42,https://attio.com/,0.00,0.00,0.67
Iris Platform,attio.com,iris keyword/path,crm healthcare,88,590,20.63,https://attio.com/,0.00,0.00,0.49
Iris Platform,attio.com,iris keyword/path,crm software apps,89,590,16.05,https://attio.com/,0.00,0.00,0.52
dotfun AI Solutions,effectivesoft.com,ai solutions keyword,[company name] ai automation initiatives,1,480,0.00,https://www.effectivesoft.com/blog/top-ai-automation-companies.html,0.59,0.00,0.00
Iris Platform,attio.com,iris keyword/path,crm with ai,2,480,20.96,https://attio.com/,0.26,1.17,0.27
Iris Platform,attio.com,iris keyword/path,web based crm,3,480,20.91,https://attio.com/,0.14,0.62,0.17
Iris Platform,attio.com,iris keyword/path,startup crm,5,480,24.12,https://attio.com/,0.10,0.55,0.48
Iris Platform,attio.com,iris keyword/path,best ai crm,5,480,22.11,https://attio.com/,0.02,0.12,0.58
Iris Platform,attio.com,iris keyword/path,crm software business,11,480,22.47,https://attio.com/,0.00,0.03,0.05
dotfun Growth Services,npgroup.net,growth keyword,customised web design,16,480,9.61,https://www.npgroup.net/blog/what-custom-web-design/,0.00,0.00,0.24
dotfun AI Solutions,npgroup.net,ai solutions keyword,custom ai agents,27,480,12.40,https://www.npgroup.net/automation/ai-agent-development/,0.00,0.00,0.46
Iris Platform,attio.com,iris keyword/path,top crm platforms,30,480,18.92,https://attio.com/,0.00,0.00,0.74
dotfun Growth Services,npgroup.net,growth keyword,nj web design company,31,480,14.94,https://www.npgroup.net/new-jersey-digital-agency/,0.00,0.00,0.10
dotfun Growth Services,npgroup.net,growth keyword,nj web design company,42,480,14.94,https://www.npgroup.net/new-jersey-digital-agency/,0.00,0.00,0.10
Iris Platform,attio.com,iris keyword/path,what is crm database,54,480,9.33,https://attio.com/,0.00,0.00,0.20
Iris Platform,attio.com,iris keyword/path,what is crm database,59,480,9.33,https://attio.com/,0.00,0.00,0.20
dotfun AI Solutions,tech.us,ai solutions keyword,ai agent companies,97,480,11.73,https://tech.us/blog/top-ai-agent-development-companies-usa,0.00,0.00,0.78
Iris Platform,myaifrontdesk.com,iris keyword/path,my ai front desk,1,390,9.24,https://www.myaifrontdesk.com/,0.13,7.21,0.82
Iris Platform,myaifrontdesk.com,iris keyword/path,speech therapy front desk automation,1,390,0.00,https://www.myaifrontdesk.com/industries-we-serve/speech-therapy,0.01,0.00,0.00
dotfun AI Solutions,tech.us,ai solutions keyword,agentic ai development services,4,390,6.11,https://tech.us/services/agentic-ai-development,0.60,0.23,0.26
Iris Platform,attio.com,iris keyword/path,crm businesses,8,390,18.42,https://attio.com/,0.02,0.07,0.37
dotfun AI Solutions,tech.us,ai solutions keyword,llm development services,8,390,4.01,https://tech.us/services/llm-development-services,0.41,0.10,0.00
Iris Platform,attio.com,iris keyword/path,sales crm system,9,390,19.44,https://attio.com/,0.00,0.02,0.07
Iris Platform,attio.com,iris keyword/path,crm providers,10,390,20.41,https://attio.com/,0.00,0.02,0.53
dotfun AI Solutions,deviniti.com,ai solutions keyword,custom ai agent development,10,390,12.40,https://deviniti.com/services/custom-ai-agent-llm-agent-development/,0.04,0.05,0.13
dotfun AI Solutions,tech.us,ai solutions keyword,agentic ai development services,11,390,6.11,https://tech.us/blog/top-agentic-ai-development-partners-in-usa,0.04,0.01,0.26
Iris Platform,attio.com,iris keyword/path,sales crm system,12,390,19.44,https://attio.com/,0.00,0.02,0.07
Iris Platform,attio.com,iris keyword/path,web crm,14,390,18.10,https://attio.com/,0.00,0.00,0.44
Iris Platform,attio.com,iris keyword/path,crm software system,15,390,12.16,https://attio.com/,0.00,0.01,0.43
Iris Platform,attio.com,iris keyword/path,crm.tools,16,390,13.76,https://attio.com/,0.00,0.01,0.48
Iris Platform,attio.com,iris keyword/path,crm logo,17,390,9.39,https://attio.com/,0.00,0.01,0.01
Iris Platform,attio.com,iris keyword/path,crm for free,17,390,15.87,https://attio.com/,0.00,0.00,0.59
dotfun AI Solutions,deviniti.com,ai solutions keyword,custom ai development services,17,390,15.63,https://deviniti.com/services/custom-ai-agent-llm-agent-development/,0.04,0.06,0.13
Iris Platform,attio.com,iris keyword/path,best free crm for real estate,38,390,15.98,https://attio.com/,0.00,0.00,0.77
Iris Platform,attio.com,iris keyword/path,ai native crm,42,390,13.44,https://attio.com/blog/ai-and-the-next-generation-of-CRM,0.00,0.00,0.28
dotfun AI Solutions,tech.us,ai solutions keyword,agentic ai development services,48,390,6.11,https://tech.us/services/agentic-ai-development,0.00,0.00,0.26
dotfun AI Solutions,tech.us,ai solutions keyword,agentic ai development services,55,390,6.11,https://tech.us/services/agentic-ai-development,0.00,0.00,0.26
Iris Platform,attio.com,iris keyword/path,free crm platforms,65,390,21.13,https://attio.com/,0.00,0.00,0.27
Iris Platform,attio.com,iris keyword/path,freeware crm software,75,390,12.08,https://attio.com/,0.00,0.00,0.64
Iris Platform,attio.com,iris keyword/path,freeware crm software,84,390,12.08,https://attio.com/,0.00,0.00,0.64
Iris Platform,attio.com,iris keyword/path,crm websites,3,320,15.28,https://attio.com/,0.13,0.43,0.47
Iris Platform,attio.com,iris keyword/path,ai for crm,3,320,20.30,https://attio.com/,0.13,0.58,0.55
Iris Platform,attio.com,iris keyword/path,crm software company,5,320,15.09,https://attio.com/,0.00,0.02,0.50
dotfun Growth Services,npgroup.net,growth keyword,central jersey web design company,6,320,0.00,https://www.npgroup.net/new-jersey-digital-agency/,1.58,0.00,0.00
dotfun Growth Services,npgroup.net,growth keyword,web design agency nj,7,320,14.94,https://www.npgroup.net/contact/,1.58,4.00,0.10
Iris Platform,attio.com,iris keyword/path,online crm tool,8,320,15.20,https://attio.com/,0.01,0.04,0.10
Iris Platform,attio.com,iris keyword/path,customer crm software,9,320,12.93,https://attio.com/,0.01,0.03,0.19
Iris Platform,attio.com,iris keyword/path,customer crm software,10,320,12.93,https://attio.com/,0.00,0.01,0.19
Iris Platform,attio.com,iris keyword/path,crm developer,24,320,18.32,https://attio.com/,0.00,0.00,0.21
Iris Platform,attio.com,iris keyword/path,what is crm platform,28,320,5.98,https://attio.com/,0.00,0.00,0.37
Iris Platform,attio.com,iris keyword/path,crm software example,31,320,3.27,https://attio.com/,0.00,0.00,0.48
Iris Platform,attio.com,iris keyword/path,hubsport crm,45,320,36.28,https://attio.com/,0.00,0.00,0.42
Iris Platform,attio.com,iris keyword/path,crm system definition,74,320,5.36,https://attio.com/,0.00,0.00,0.13
Iris Platform,attio.com,iris keyword/path,outil crm,3,260,10.61,https://attio.com/,0.04,0.09,0.22
dotfun AI Solutions,effectivesoft.com,ai solutions keyword,custom ai chatbot development services,3,260,0.00,https://www.effectivesoft.com/ai-chatbot-development.html,0.15,0.00,0.00
dotfun AI Solutions,effectivesoft.com,ai solutions keyword,llm development company,3,260,5.82,https://www.effectivesoft.com/blog/top-llm-development-companies.html,0.15,0.07,0.04
Iris Platform,attio.com,iris keyword/path,web based crm software,4,260,0.00,https://attio.com/,0.04,0.00,0.04
dotfun AI Solutions,appinventiv.com,ai solutions keyword,ai agent development solutions,5,260,14.85,https://appinventiv.com/ai-agent-development-services/,0.03,0.03,0.11
Iris Platform,attio.com,iris keyword/path,online crm system,7,260,22.23,https://attio.com/,0.02,0.09,0.41
dotfun AI Solutions,effectivesoft.com,ai solutions keyword,ai agent development solutions,7,260,14.85,https://www.effectivesoft.com/ai-agent-development.html,0.05,0.07,0.11
dotfun AI Solutions,effectivesoft.com,ai solutions keyword,ai automation agency competitors 2026,8,260,0.00,https://www.effectivesoft.com/blog/top-ai-automation-companies.html,0.01,0.00,0.00
dotfun AI Solutions,tech.us,ai solutions keyword,ai agent development solutions,8,260,14.85,https://tech.us/blog/top-ai-agent-development-companies-usa,0.27,0.26,0.11
dotfun AI Solutions,deviniti.com,ai solutions keyword,ai agent development solutions,9,260,14.85,https://deviniti.com/services/custom-ai-agent-llm-agent-development/,0.20,0.34,0.11
dotfun Growth Services,npgroup.net,growth keyword,web design agency new jersey,9,260,0.00,https://www.npgroup.net/new-jersey-digital-agency/,0.45,0.00,0.10
Iris Platform,attio.com,iris keyword/path,apps crm,10,260,12.44,https://attio.com/,0.00,0.01,0.53
dotfun AI Solutions,deviniti.com,ai solutions keyword,ai agent development solutions,10,260,14.85,https://deviniti.com/services/custom-ai-agent-llm-agent-development/,0.12,0.20,0.11
dotfun Growth Services,npgroup.net,growth keyword,web design agency new jersey,10,260,0.00,https://www.npgroup.net/new-jersey-digital-agency/,0.22,0.00,0.10
Iris Platform,attio.com,iris keyword/path,crm.,11,260,13.73,https://attio.com/,0.00,0.01,0.47
dotfun AI Solutions,effectivesoft.com,ai solutions keyword,enterprise ai chatbot development service,11,260,0.00,https://www.effectivesoft.com/ai-chatbot-development.html,0.00,0.00,0.26
dotfun Growth Services,npgroup.net,growth keyword,web design custom,18,260,9.61,https://www.npgroup.net/blog/what-custom-web-design/,0.00,0.00,0.24
Iris Platform,attio.com,iris keyword/path,customer crm free,19,260,15.87,https://attio.com/,0.00,0.00,0.59
Iris Platform,attio.com,iris keyword/path,the crm center,21,260,12.55,https://attio.com/,0.00,0.00,0.16
Iris Platform,attio.com,iris keyword/path,crm system integration,22,260,11.63,https://attio.com/,0.00,0.00,0.30
dotfun Growth Services,npgroup.net,growth keyword,new jersey web design company,24,260,14.94,https://www.npgroup.net/new-jersey-digital-agency/,0.00,0.00,0.10
dotfun AI Solutions,npgroup.net,ai solutions keyword,ai agent development solutions,33,260,14.85,https://www.npgroup.net/automation/ai-agent-development/,0.00,0.00,0.11
Iris Platform,attio.com,iris keyword/path,healthcare crm tools,42,260,17.40,https://attio.com/,0.00,0.00,0.11
dotfun Growth Services,npgroup.net,growth keyword,modulus web design,48,260,0.00,https://www.npgroup.net/blog/modular-web-design-the-age-of-templates-is-over/,0.00,0.00,0.33
dotfun AI Solutions,effectivesoft.com,ai solutions keyword,llm model comparison,49,260,2.21,https://www.effectivesoft.com/blog/comparison-of-llms-models.html,0.00,0.00,0.17
Iris Platform,attio.com,iris keyword/path,meaning of crm,52,260,6.66,https://attio.com/,0.00,0.00,0.16
dotfun AI Solutions,effectivesoft.com,ai solutions keyword,llm model comparison,53,260,2.21,https://www.effectivesoft.com/blog/comparison-of-llms-models.html,0.00,0.00,0.17
dotfun AI Solutions,tech.us,ai solutions keyword,custom ai chatbot development services,53,260,0.00,https://tech.us/services/ai-chatbot-development-services,0.00,0.00,0.00
Iris Platform,attio.com,iris keyword/path,free online crm system,60,260,18.96,https://attio.com/,0.00,0.00,0.56
dotfun Growth Services,npgroup.net,growth keyword,how to fix seo issues,63,260,0.00,https://www.npgroup.net/blog/how-to-identify-and-fix-common-seo-mistakes/,0.00,0.00,0.33
Iris Platform,attio.com,iris keyword/path,web crm software,70,260,0.00,https://attio.com/,0.00,0.00,0.07
Iris Platform,attio.com,iris keyword/path,web crm software,78,260,0.00,https://attio.com/,0.00,0.00,0.07
Iris Platform,attio.com,iris keyword/path,crm marketing tools,91,260,19.68,https://attio.com/,0.00,0.00,0.26
dotfun Growth Services,npgroup.net,growth keyword,new jersey digital marketing agency,95,260,4.59,https://www.npgroup.net/new-jersey-digital-agency/,0.00,0.00,0.16
Iris Platform,attio.com,iris keyword/path,attio api,3,210,0.00,https://attio.com/platform/developers,0.02,0.00,0.01
dotfun AI Solutions,effectivesoft.com,ai solutions keyword,llm companies,4,210,4.42,https://www.effectivesoft.com/blog/top-llm-development-companies.html,0.08,0.03,0.19
dotfun AI Solutions,effectivesoft.com,ai solutions keyword,enterprise ai development services,5,210,0.00,https://www.effectivesoft.com/enterprise-ai-development.html,0.05,0.00,0.05
dotfun AI Solutions,tech.us,ai solutions keyword,enterprise ai development company,6,210,10.59,https://tech.us/blog/top-ai-development-companies-end-to-end-ai-services,0.13,0.09,0.14
Iris Platform,attio.com,iris keyword/path,crm software for it company,7,210,15.09,https://attio.com/,0.03,0.10,0.50
Iris Platform,attio.com,iris keyword/path,online crm systems,7,210,22.23,https://attio.com/,0.01,0.06,0.41
Iris Platform,attio.com,iris keyword/path,crm startups,8,210,16.18,https://attio.com/,0.03,0.11,0.61
dotfun AI Solutions,tech.us,ai solutions keyword,enterprise ai development services,9,210,0.00,https://tech.us/services/enterprise-ai-services,0.13,0.00,0.05
dotfun Growth Services,npgroup.net,growth keyword,web design firm nj,13,210,0.00,https://www.npgroup.net/new-jersey-digital-agency/,0.00,0.00,0.50
Iris Platform,attio.com,iris keyword/path,crm telemarketing,14,210,0.00,https://attio.com/,0.00,0.00,0.17
Iris Platform,attio.com,iris keyword/path,best crm for a startup,15,210,24.90,https://attio.com/,0.00,0.00,0.46
dotfun Growth Services,npgroup.net,growth keyword,web design in new jersey,17,210,13.95,https://www.npgroup.net/new-jersey-digital-agency/,0.00,0.00,0.17
Iris Platform,attio.com,iris keyword/path,crm ads,26,210,12.89,https://attio.com/,0.00,0.00,0.28
dotfun Growth Services,npgroup.net,growth keyword,web design company in new jersey,29,210,14.94,https://www.npgroup.net/new-jersey-digital-agency/,0.00,0.00,0.10
Iris Platform,attio.com,iris keyword/path,generation calendar,30,210,0.16,https://attio.com/,0.00,0.00,0.07
Iris Platform,attio.com,iris keyword/path,pipeline crm pricing,30,210,15.85,https://attio.com/,0.00,0.00,0.59
Iris Platform,attio.com,iris keyword/path,crm for mortgage companies,34,210,23.81,https://attio.com/,0.00,0.00,0.32
dotfun Growth Services,npgroup.net,growth keyword,web design company in nj,53,210,14.94,https://www.npgroup.net/new-jersey-digital-agency/,0.00,0.00,0.10
Iris Platform,attio.com,iris keyword/path,stripe hubspot integration,54,210,11.67,https://attio.com/,0.00,0.00,0.30
Iris Platform,attio.com,iris keyword/path,salesforce as crm,72,210,11.28,https://attio.com/blog/why-salesforce-is-great,0.00,0.00,0.09
Iris Platform,myaifrontdesk.com,iris keyword/path,frontdesk ai,1,170,10.95,https://www.myaifrontdesk.com/,0.01,1.14,0.64
dotfun AI Solutions,deviniti.com,ai solutions keyword,custom ai agent development services,1,170,0.00,https://deviniti.com/services/custom-ai-agent-llm-agent-development/,0.89,0.00,0.04
Iris Platform,attio.com,iris keyword/path,linear integration,3,170,11.33,https://attio.com/apps/linear,0.00,0.01,0.08
dotfun AI Solutions,effectivesoft.com,ai solutions keyword,custom ai agent development services,3,170,0.00,https://www.effectivesoft.com/ai-agent-development.html,0.10,0.00,0.04
Iris Platform,attio.com,iris keyword/path,crm tool online,4,170,15.20,https://attio.com/,0.04,0.15,0.10
dotfun Growth Services,npgroup.net,growth keyword,web design testimonials,6,170,4.39,https://www.npgroup.net/about/testimonials/,1.13,0.80,0.17
Iris Platform,attio.com,iris keyword/path,crm development companies,7,170,22.24,https://attio.com/,0.02,0.12,0.05
dotfun AI Solutions,npgroup.net,ai solutions keyword,custom ai agent development services,9,170,0.00,https://www.npgroup.net/automation/ai-agent-development/,0.67,0.00,0.04
Iris Platform,attio.com,iris keyword/path,app crm,10,170,12.44,https://attio.com/,0.00,0.00,0.53
dotfun AI Solutions,tech.us,ai solutions keyword,agentic ai development company,13,170,19.08,https://tech.us/services/agentic-ai-development,0.00,0.00,0.07
dotfun Growth Services,npgroup.net,growth keyword,web design companies nj,17,170,14.94,https://www.npgroup.net/new-jersey-digital-agency/,0.00,0.00,0.10
Iris Platform,attio.com,iris keyword/path,crm with billing,20,170,15.98,https://attio.com/,0.00,0.00,0.66
Iris Platform,attio.com,iris keyword/path,crm for saas,26,170,12.38,https://attio.com/,0.00,0.00,0.53
Iris Platform,attio.com,iris keyword/path,best open source crm,30,170,5.96,https://attio.com/,0.00,0.00,0.61
Iris Platform,attio.com,iris keyword/path,crm stok,33,170,2.68,https://attio.com/,0.00,0.00,0.00
Iris Platform,attio.com,iris keyword/path,best open source crm,34,170,5.96,https://attio.com/,0.00,0.00,0.61
Iris Platform,attio.com,iris keyword/path,best crm applications,34,170,14.78,https://attio.com/,0.00,0.00,0.53
Iris Platform,attio.com,iris keyword/path,crm / erp,50,170,21.18,https://attio.com/,0.00,0.00,0.40
Iris Platform,attio.com,iris keyword/path,what are crm tools used for,52,170,3.13,https://attio.com/,0.00,0.00,0.39
Iris Platform,attio.com,iris keyword/path,crm for saas,54,170,12.38,https://attio.com/,0.00,0.00,0.53
Iris Platform,attio.com,iris keyword/path,basic crm system free,59,170,18.26,https://attio.com/,0.00,0.00,0.78
Iris Platform,attio.com,iris keyword/path,what are crm tools used for,60,170,3.13,https://attio.com/,0.00,0.00,0.39
dotfun Growth Services,npgroup.net,growth keyword,nj wordpress web design,61,170,0.00,https://www.npgroup.net/new-jersey-digital-agency/,0.00,0.00,0.33
Iris Platform,attio.com,iris keyword/path,crm marketing tool,64,170,19.68,https://attio.com/,0.00,0.00,0.26
Iris Platform,attio.com,iris keyword/path,crm marketing tool,67,170,19.68,https://attio.com/,0.00,0.00,0.26
Iris Platform,attio.com,iris keyword/path,clarify crm system,72,170,13.20,https://attio.com/,0.00,0.00,0.62
Iris Platform,attio.com,iris keyword/path,what does crm manager do,72,170,0.00,https://attio.com/,0.00,0.00,0.01
Iris Platform,attio.com,iris keyword/path,attio company information,79,170,0.00,https://attio.com/platform/productivity,0.00,0.00,0.00
Iris Platform,attio.com,iris keyword/path,attio company information,83,170,0.00,https://attio.com/platform/data,0.00,0.00,0.00
dotfun Growth Services,npgroup.net,growth keyword,nj wordpress web design,85,170,0.00,https://www.npgroup.net/new-jersey-digital-agency/,0.00,0.00,0.33
Iris Platform,attio.com,iris keyword/path,crm inventory management software,89,170,27.55,https://attio.com/,0.00,0.00,0.31
Iris Platform,attio.com,iris keyword/path,attio company information,98,170,0.00,https://attio.com/platform/ai,0.00,0.00,0.00
Iris Platform,myaifrontdesk.com,iris keyword/path,front desk ai,1,140,10.95,https://www.myaifrontdesk.com/,0.01,0.93,0.64
Iris Platform,attio.com,iris keyword/path,segment crm,2,140,12.10,https://attio.com/apps/segment,0.12,0.31,0.45
Iris Platform,attio.com,iris keyword/path,ai sales crm,3,140,29.58,https://attio.com/,0.06,0.38,0.43
Iris Platform,attio.com,iris keyword/path,advertising crm,5,140,12.89,https://attio.com/,0.02,0.07,0.28
Iris Platform,attio.com,iris keyword/path,web based crm tools,7,140,0.00,https://attio.com/,0.00,0.00,0.04
Iris Platform,attio.com,iris keyword/path,company crm system,8,140,28.75,https://attio.com/,0.00,0.00,0.57
Iris Platform,attio.com,iris keyword/path,vc crm,20,140,27.52,https://attio.com/,0.00,0.00,0.25
Iris Platform,attio.com,iris keyword/path,crm for b2c,21,140,17.24,https://attio.com/,0.00,0.00,0.34
Iris Platform,attio.com,iris keyword/path,crm group,21,140,2.07,https://attio.com/,0.00,0.00,0.03
Iris Platform,attio.com,iris keyword/path,build your own crm system,23,140,15.81,https://attio.com/,0.00,0.00,0.70
Iris Platform,attio.com,iris keyword/path,m&a crm,24,140,36.86,https://attio.com/,0.00,0.00,0.15
dotfun Growth Services,npgroup.net,growth keyword,nj small business web design company,25,140,0.00,https://www.npgroup.net/new-jersey-digital-agency/,0.00,0.00,0.04
Iris Platform,attio.com,iris keyword/path,crm meanign,28,140,5.92,https://attio.com/,0.00,0.00,0.11
Iris Platform,attio.com,iris keyword/path,single source real estate,41,140,2.18,https://attio.com/,0.00,0.00,0.03
Iris Platform,attio.com,iris keyword/path,crm stock.,41,140,2.68,https://attio.com/,0.00,0.00,0.00
Iris Platform,attio.com,iris keyword/path,envoy slack integration,48,140,0.00,https://attio.com/apps/slack,0.00,0.00,0.08
dotfun AI Solutions,effectivesoft.com,ai solutions keyword,llm models comparison,48,140,2.21,https://www.effectivesoft.com/blog/comparison-of-llms-models.html,0.00,0.00,0.17
Iris Platform,attio.com,iris keyword/path,types crm software,51,140,3.26,https://attio.com/,0.00,0.00,0.42
Iris Platform,attio.com,iris keyword/path,crm tools definition,53,140,7.06,https://attio.com/,0.00,0.00,0.19
dotfun AI Solutions,tech.us,ai solutions keyword,what is agentic ai and how will it change work,53,140,4.48,https://tech.us/blog/how-agentic-ai-works-in-business,0.00,0.00,0.31
Iris Platform,attio.com,iris keyword/path,calendar sdk,58,140,5.83,https://attio.com/,0.00,0.00,0.18
Iris Platform,attio.com,iris keyword/path,calendar sdk,60,140,5.83,https://attio.com/,0.00,0.00,0.18
Iris Platform,attio.com,iris keyword/path,crm or cms,65,140,15.14,https://attio.com/,0.00,0.00,0.41
dotfun Growth Services,npgroup.net,growth keyword,personalized web design,72,140,6.38,https://www.npgroup.net/design/custom-web-design/,0.00,0.00,0.20
Iris Platform,attio.com,iris keyword/path,système crm,83,140,0.00,https://attio.com/,0.00,0.00,0.00
Iris Platform,attio.com,iris keyword/path,vc crm,91,140,27.52,https://attio.com/p/crm-for-vc,0.00,0.00,0.25
dotfun Growth Services,npgroup.net,growth keyword,wordpress web design nj,94,140,0.00,https://www.npgroup.net/new-jersey-digital-agency/,0.00,0.00,0.33
Iris Platform,attio.com,iris keyword/path,atio crm,1,110,5.58,https://attio.com/,0.18,0.21,0.57
dotfun Growth Services,npgroup.net,growth keyword,web design company testimonials,1,110,4.39,https://www.npgroup.net/about/testimonials/,3.16,2.35,0.17
dotfun Growth Services,npgroup.net,growth keyword,custom web design with integration of client testimonials,1,110,0.00,https://www.npgroup.net/about/testimonials/,0.45,0.00,0.00
Iris Platform,attio.com,iris keyword/path,crm site,3,110,17.24,https://attio.com/,0.04,0.17,0.68
Iris Platform,attio.com,iris keyword/path,web-based crm,4,110,20.91,https://attio.com/,0.01,0.05,0.17
dotfun AI Solutions,appinventiv.com,ai solutions keyword,ai agent development cost,4,110,0.00,https://appinventiv.com/blog/ai-agent-development-cost/,0.01,0.00,0.02
Iris Platform,attio.com,iris keyword/path,crm with website,5,110,17.24,https://attio.com/,0.02,0.09,0.68
Iris Platform,attio.com,iris keyword/path,ai-powered crm,5,110,20.98,https://attio.com/,0.02,0.08,0.14
Iris Platform,attio.com,iris keyword/path,ad crm,5,110,12.89,https://attio.com/,0.01,0.03,0.28
Iris Platform,attio.com,iris keyword/path,ai driven crm,8,110,22.30,https://attio.com/,0.01,0.06,0.40
dotfun AI Solutions,effectivesoft.com,ai solutions keyword,llm consulting services,8,110,0.00,https://www.effectivesoft.com/large-language-model-development.html,0.01,0.00,0.04
dotfun AI Solutions,effectivesoft.com,ai solutions keyword,best ai agent framework,10,110,5.84,https://www.effectivesoft.com/blog/top-frameworks-for-building-ai-agents.html,0.00,0.00,0.28
Iris Platform,attio.com,iris keyword/path,crm tool for sales,12,110,13.07,https://attio.com/,0.00,0.00,0.06
dotfun Growth Services,npgroup.net,growth keyword,web design companies in new jersey,13,110,14.94,https://www.npgroup.net/new-jersey-digital-agency/,0.00,0.00,0.10
dotfun Growth Services,npgroup.net,growth keyword,nj web design services,14,110,0.00,https://www.npgroup.net/new-jersey-digital-agency/,0.00,0.00,0.00
Iris Platform,attio.com,iris keyword/path,crm systeme,16,110,10.48,https://attio.com/,0.00,0.00,0.53
Iris Platform,attio.com,iris keyword/path,sync crm,17,110,28.93,https://attio.com/,0.00,0.00,0.33
Iris Platform,attio.com,iris keyword/path,crm intelligence,17,110,7.69,https://attio.com/,0.00,0.00,0.23
Iris Platform,attio.com,iris keyword/path,crm ios,22,110,6.40,https://attio.com/,0.00,0.00,0.51
dotfun Growth Services,npgroup.net,growth keyword,modular web design,23,110,5.10,https://www.npgroup.net/blog/modular-web-design-the-age-of-templates-is-over/,0.00,0.00,0.08
Iris Platform,attio.com,iris keyword/path,narzędzia crm,24,110,0.00,https://attio.com/,0.00,0.00,0.33
Iris Platform,attio.com,iris keyword/path,free pipeline crm,31,110,3.43,https://attio.com/,0.00,0.00,0.86
Iris Platform,attio.com,iris keyword/path,crm integrate,33,110,12.65,https://attio.com/,0.00,0.00,0.35
dotfun AI Solutions,npgroup.net,ai solutions keyword,llm wrapper,38,110,3.80,https://www.npgroup.net/blog/ai-wrapper-applications-development-explained/,0.00,0.00,0.03
Iris Platform,attio.com,iris keyword/path,crm website meaning,52,110,5.49,https://attio.com/,0.00,0.00,0.22
Iris Platform,attio.com,iris keyword/path,document management crm,55,110,8.28,https://attio.com/,0.00,0.00,0.20
Iris Platform,attio.com,iris keyword/path,what is crm reporting,67,110,6.58,https://attio.com/,0.00,0.00,0.14
dotfun AI Solutions,npgroup.net,ai solutions keyword,top ai agent development companies,73,110,0.00,https://www.npgroup.net/automation/ai-agent-development/,0.00,0.00,0.01
Iris Platform,attio.com,iris keyword/path,salesforce google ads integration,76,110,9.57,https://attio.com/,0.00,0.00,0.17
Iris Platform,attio.com,iris keyword/path,crm program definition,77,110,7.06,https://attio.com/,0.00,0.00,0.19
dotfun AI Solutions,npgroup.net,ai solutions keyword,site optimization with agentic ai,77,110,0.00,https://www.npgroup.net/blog/how-optimize-your-website-for-ai-agents/,0.00,0.00,0.00
Iris Platform,attio.com,iris keyword/path,cost of crm software,85,110,11.09,https://attio.com/,0.00,0.00,0.28
Iris Platform,attio.com,iris keyword/path,crm costs,93,110,9.50,https://attio.com/,0.00,0.00,0.57
Iris Platform,attio.com,iris keyword/path,best crm agencies,95,110,32.54,https://attio.com/,0.00,0.00,0.38
Iris Platform,attio.com,iris keyword/path,ai crm tool,2,90,18.22,https://attio.com/,0.04,0.18,0.64
Iris Platform,attio.com,iris keyword/path,crm for website,5,90,17.24,https://attio.com/,0.01,0.04,0.68
Iris Platform,attio.com,iris keyword/path,ai tool crm,5,90,0.00,https://attio.com/,0.00,0.00,0.00
Iris Platform,attio.com,iris keyword/path,tech crm,5,90,23.94,https://attio.com/,0.00,0.03,0.34
Iris Platform,attio.com,iris keyword/path,crm system online,6,90,22.23,https://attio.com/,0.00,0.03,0.41
dotfun AI Solutions,npgroup.net,ai solutions keyword,ai agent development service,6,90,21.10,https://www.npgroup.net/automation/ai-agent-development/,0.45,1.61,0.13
dotfun Growth Services,npgroup.net,growth keyword,enterprise web design services,6,90,0.00,https://www.npgroup.net/design/custom-web-design/,0.45,0.00,0.33
dotfun AI Solutions,effectivesoft.com,ai solutions keyword,ai agent development service,10,90,21.10,https://www.effectivesoft.com/ai-agent-development.html,0.00,0.01,0.13
dotfun Growth Services,npgroup.net,growth keyword,in house web design,11,90,0.00,https://www.npgroup.net/blog/should-you-design-your-website-in-house/,0.00,0.00,0.33
Iris Platform,attio.com,iris keyword/path,pandadoc crm integrations,15,90,0.00,https://attio.com/apps/pandadoc,0.00,0.00,0.05
Iris Platform,attio.com,iris keyword/path,crm for power companies,16,90,0.00,https://attio.com/,0.00,0.00,0.00
Iris Platform,attio.com,iris keyword/path,sales crm for startups,16,90,0.00,https://attio.com/,0.00,0.00,0.21
Iris Platform,attio.com,iris keyword/path,crm in office,17,90,11.49,https://attio.com/,0.00,0.00,0.33
Iris Platform,attio.com,iris keyword/path,systeme crm,19,90,14.86,https://attio.com/,0.00,0.00,0.44
Iris Platform,attio.com,iris keyword/path,crm outil,19,90,10.61,https://attio.com/,0.00,0.00,0.22
dotfun Growth Services,npgroup.net,growth keyword,digital marketing production,20,90,3.86,https://www.npgroup.net/blog/how-build-utilize-digital-marketing-production-team/,0.00,0.00,0.89
Iris Platform,attio.com,iris keyword/path,crm blog,22,90,7.92,https://attio.com/blog,0.00,0.00,0.21
Iris Platform,attio.com,iris keyword/path,crm logos,22,90,9.39,https://attio.com/,0.00,0.00,0.01
dotfun Growth Services,npgroup.net,growth keyword,in house web design,22,90,0.00,https://www.npgroup.net/blog/should-you-design-your-website-in-house/,0.00,0.00,0.33
Iris Platform,attio.com,iris keyword/path,crm software download,23,90,17.03,https://attio.com/,0.00,0.00,0.70
dotfun AI Solutions,tech.us,ai solutions keyword,llm services,23,90,6.77,https://tech.us/services/llm-development-services,0.00,0.00,0.14
Iris Platform,attio.com,iris keyword/path,pandadoc crm integrations,24,90,0.00,https://attio.com/apps/pandadoc,0.00,0.00,0.05
Iris Platform,attio.com,iris keyword/path,top broker crm,26,90,13.35,https://attio.com/,0.00,0.00,0.20
Iris Platform,attio.com,iris keyword/path,top broker crm,28,90,13.35,https://attio.com/,0.00,0.00,0.20
dotfun AI Solutions,tech.us,ai solutions keyword,agentic tech,30,90,10.14,https://tech.us/services/agentic-ai-development,0.00,0.00,0.60
Iris Platform,attio.com,iris keyword/path,crm logos,31,90,9.39,https://attio.com/,0.00,0.00,0.01
Iris Platform,attio.com,iris keyword/path,account based marketing crm,38,90,0.00,https://attio.com/,0.00,0.00,0.11
Iris Platform,attio.com,iris keyword/path,basic crm functions,39,90,0.00,https://attio.com/,0.00,0.00,0.86
Iris Platform,attio.com,iris keyword/path,crm digital marketing agency,44,90,0.00,https://attio.com/,0.00,0.00,0.04
Iris Platform,attio.com,iris keyword/path,allo.com,54,90,4.79,https://attio.com/apps/mobile-first-integrations-allo,0.00,0.00,0.12
Iris Platform,attio.com,iris keyword/path,intercom integration with hubspot,54,90,0.00,https://attio.com/,0.00,0.00,0.00
Iris Platform,attio.com,iris keyword/path,evaluate the crm company hubspot on lead gen marketing strategy,56,90,0.00,https://attio.com/,0.00,0.00,0.00
Iris Platform,attio.com,iris keyword/path,can you integrate advertising platforms with crm systems,60,90,0.00,https://attio.com/,0.00,0.00,0.00
Iris Platform,attio.com,iris keyword/path,top mortgage crm,61,90,0.00,https://attio.com/,0.00,0.00,0.67
dotfun Growth Services,npgroup.net,growth keyword,pinterest branding,61,90,0.00,https://www.npgroup.net/blog/creating-a-visual-brand-identity-for-your-business-on-pinterest/,0.00,0.00,0.00
Iris Platform,attio.com,iris keyword/path,crm digital marketing agency,64,90,0.00,https://attio.com/,0.00,0.00,0.04
Iris Platform,attio.com,iris keyword/path,best crm for real estate agents australia,65,90,0.00,https://attio.com/,0.00,0.00,0.00
dotfun AI Solutions,tech.us,ai solutions keyword,top ai agent companies,66,90,5.95,https://tech.us/blog/top-ai-agent-development-companies-usa,0.00,0.00,0.70
Iris Platform,attio.com,iris keyword/path,free crm management software,69,90,12.08,https://attio.com/,0.00,0.00,0.64
Iris Platform,attio.com,iris keyword/path,the best crm systems,72,90,18.47,https://attio.com/,0.00,0.00,0.59
Iris Platform,attio.com,iris keyword/path,definition of crm in business,72,90,5.54,https://attio.com/,0.00,0.00,0.15
Iris Platform,attio.com,iris keyword/path,crm programs meaning,72,90,0.00,https://attio.com/,0.00,0.00,0.23
Iris Platform,attio.com,iris keyword/path,crm with sms and email,91,90,0.00,https://attio.com/,0.00,0.00,0.00
Iris Platform,attio.com,iris keyword/path,best crm pipeline management,97,90,0.00,https://attio.com/,0.00,0.00,0.07
Iris Platform,attio.com,iris keyword/path,crm web app,3,70,13.80,https://attio.com/,0.02,0.05,0.43
dotfun AI Solutions,effectivesoft.com,ai solutions keyword,top llm companies,3,70,4.06,https://www.effectivesoft.com/blog/top-llm-development-companies.html,0.03,0.01,0.21
dotfun AI Solutions,tech.us,ai solutions keyword,benefits of custom ai development services,3,70,0.00,https://tech.us/blog/benefits-custom-ai-development-services-enterprise-operations,0.13,0.00,0.00
Iris Platform,attio.com,iris keyword/path,crm att,4,70,5.72,https://attio.com/,0.01,0.01,0.78
dotfun AI Solutions,effectivesoft.com,ai solutions keyword,top enterprise ai companies,4,70,6.12,https://www.effectivesoft.com/blog/top-enterprise-ai-companies.html,0.00,0.00,0.34
Iris Platform,attio.com,iris keyword/path,crm homepage,5,70,22.42,https://attio.com/,0.01,0.06,0.04
Iris Platform,attio.com,iris keyword/path,online sales crm,6,70,0.00,https://attio.com/,0.00,0.00,0.06
dotfun Growth Services,npgroup.net,growth keyword,nj custom web design,6,70,0.00,https://www.npgroup.net/custom-web-development-new-jersey/,0.22,0.00,0.33
Iris Platform,attio.com,iris keyword/path,crm application development company,7,70,15.92,https://attio.com/,0.00,0.02,0.14
Iris Platform,attio.com,iris keyword/path,item crm,7,70,17.94,https://attio.com/,0.00,0.02,0.49
dotfun AI Solutions,tech.us,ai solutions keyword,enterprise ai agent development services,8,70,0.00,https://tech.us/blog/top-ai-agent-development-companies-usa,0.04,0.00,0.00
Iris Platform,attio.com,iris keyword/path,website crm integration,9,70,7.08,https://attio.com/,0.00,0.00,0.95
Iris Platform,attio.com,iris keyword/path,crm säljstöd,10,70,0.00,https://attio.com/,0.00,0.00,0.00
dotfun Growth Services,npgroup.net,growth keyword,new jersey web design services,10,70,0.00,https://www.npgroup.net/new-jersey-digital-agency/,0.00,0.00,0.33
dotfun Growth Services,npgroup.net,growth keyword,nj web design agency,10,70,0.00,https://www.npgroup.net/new-jersey-digital-agency/,0.00,0.00,0.10
Iris Platform,attio.com,iris keyword/path,crm next,11,70,9.79,https://attio.com/,0.00,0.00,0.19
dotfun Growth Services,npgroup.net,growth keyword,new jersey web design firm,11,70,0.00,https://www.npgroup.net/new-jersey-digital-agency/,0.00,0.00,0.00
Iris Platform,attio.com,iris keyword/path,lead gen and crm,12,70,21.29,https://attio.com/,0.00,0.00,0.69
dotfun Growth Services,npgroup.net,growth keyword,what is custom web design,13,70,0.00,https://www.npgroup.net/blog/what-custom-web-design/,0.00,0.00,0.04
Iris Platform,attio.com,iris keyword/path,crm account,14,70,15.61,https://attio.com/,0.00,0.00,0.61
dotfun AI Solutions,effectivesoft.com,ai solutions keyword,enterprise ai chatbot development service for ecommerce,22,70,0.00,https://www.effectivesoft.com/ai-chatbot-development.html,0.00,0.00,0.00
Iris Platform,attio.com,iris keyword/path,crm software for consultants,24,70,0.00,https://attio.com/,0.00,0.00,0.09
Iris Platform,attio.com,iris keyword/path,crm collaboration,26,70,14.17,https://attio.com/,0.00,0.00,0.14
Iris Platform,attio.com,iris keyword/path,sms io,26,70,2.81,https://attio.com/,0.00,0.00,0.16
Iris Platform,attio.com,iris keyword/path,real estate agent wikipedia,28,70,0.00,https://attio.com/,0.00,0.00,0.00
Iris Platform,attio.com,iris keyword/path,best free sales crm,28,70,15.48,https://attio.com/,0.00,0.00,0.96
dotfun Growth Services,npgroup.net,growth keyword,nj custom web design,29,70,0.00,https://www.npgroup.net/new-jersey-digital-agency/,0.00,0.00,0.33
Iris Platform,attio.com,iris keyword/path,real estate agent wikipedia,33,70,0.00,https://attio.com/,0.00,0.00,0.00
Iris Platform,attio.com,iris keyword/path,customizable crm open source,34,70,0.00,https://attio.com/,0.00,0.00,0.33
Iris Platform,attio.com,iris keyword/path,standard crm,35,70,16.14,https://attio.com/,0.00,0.00,0.86
Iris Platform,attio.com,iris keyword/path,crm software testing,36,70,18.19,https://attio.com/,0.00,0.00,0.14
Iris Platform,attio.com,iris keyword/path,whats is crm,40,70,11.50,https://attio.com/,0.00,0.00,0.23
Iris Platform,attio.com,iris keyword/path,crm software testing,43,70,18.19,https://attio.com/,0.00,0.00,0.14
Iris Platform,attio.com,iris keyword/path,crm strategy based on b2c model,46,70,0.00,https://attio.com/,0.00,0.00,0.00
Iris Platform,attio.com,iris keyword/path,hibspot crm,47,70,36.28,https://attio.com/,0.00,0.00,0.42
dotfun AI Solutions,tech.us,ai solutions keyword,agentic ai system developers,49,70,0.00,https://tech.us/services/agentic-ai-development,0.00,0.00,0.00
Iris Platform,attio.com,iris keyword/path,free crm email marketing software,50,70,6.48,https://attio.com/,0.00,0.00,0.75
Iris Platform,attio.com,iris keyword/path,how to implement a crm,51,70,12.01,https://attio.com/,0.00,0.00,0.06
Iris Platform,attio.com,iris keyword/path,best free sales crm,52,70,15.48,https://attio.com/,0.00,0.00,0.96
Iris Platform,attio.com,iris keyword/path,motion ai calendar app,53,70,3.35,https://attio.com/,0.00,0.00,0.17
Iris Platform,attio.com,iris keyword/path,snowflake notification integration,53,70,0.00,https://attio.com/,0.00,0.00,0.01
Iris Platform,attio.com,iris keyword/path,real estate agent wikipedia,54,70,0.00,https://attio.com/,0.00,0.00,0.00
Iris Platform,attio.com,iris keyword/path,crm business model,54,70,2.90,https://attio.com/,0.00,0.00,0.32
Iris Platform,attio.com,iris keyword/path,crm strategy based on b2c model,54,70,0.00,https://attio.com/,0.00,0.00,0.00
Iris Platform,attio.com,iris keyword/path,top healthcare crm,55,70,0.00,https://attio.com/,0.00,0.00,0.01
Iris Platform,attio.com,iris keyword/path,crm for google workspace,60,70,12.40,https://attio.com/,0.00,0.00,0.61
dotfun Growth Services,npgroup.net,growth keyword,ecommerce web design nj,63,70,0.00,https://www.npgroup.net/new-jersey-digital-agency/,0.00,0.00,0.33
Iris Platform,attio.com,iris keyword/path,crm software google apps,67,70,16.62,https://attio.com/,0.00,0.00,0.15
Iris Platform,attio.com,iris keyword/path,crm software google apps,68,70,16.62,https://attio.com/,0.00,0.00,0.15
Iris Platform,attio.com,iris keyword/path,crm for personal use,69,70,8.84,https://attio.com/,0.00,0.00,0.65
dotfun Growth Services,attio.com,growth keyword,hubspot web design firms,75,70,22.41,https://attio.com/,0.00,0.00,0.49
dotfun AI Solutions,tech.us,ai solutions keyword,best data analytics firm with agentic analytics,76,70,0.00,https://tech.us/blog/top-agentic-ai-development-partners-in-usa,0.00,0.00,0.00
dotfun Growth Services,npgroup.net,growth keyword,custom web design and programming,81,70,0.00,https://www.npgroup.net/design/custom-web-design/,0.00,0.00,0.33
Iris Platform,attio.com,iris keyword/path,realtor crm free,83,70,15.39,https://attio.com/,0.00,0.00,0.81
dotfun AI Solutions,effectivesoft.com,ai solutions keyword,llm optimization companies 2025,84,70,0.00,https://www.effectivesoft.com/blog/top-llm-development-companies.html,0.00,0.00,0.00
Iris Platform,attio.com,iris keyword/path,easy crm tool,90,70,17.21,https://attio.com/,0.00,0.00,0.31
Iris Platform,attio.com,iris keyword/path,attio stripe integration,1,50,0.00,https://attio.com/apps/stripe-invoicing,0.27,0.00,0.22
Iris Platform,attio.com,iris keyword/path,adio crm,1,50,7.08,https://attio.com/,0.27,0.40,0.46
dotfun AI Solutions,appinventiv.com,ai solutions keyword,top use cases for agentic rag in ecommerce,1,50,0.00,https://appinventiv.com/blog/agentic-rag-in-ecommerce/,0.02,0.00,0.00
Iris Platform,attio.com,iris keyword/path,at crm,2,50,0.00,https://attio.com/,0.04,0.00,0.29
Iris Platform,attio.com,iris keyword/path,attio stripe integration,2,50,0.00,https://attio.com/apps/paid,0.00,0.00,0.22
dotfun AI Solutions,deviniti.com,ai solutions keyword,custom ai development agency,2,50,0.00,https://deviniti.com/blog/enterprise-software/best-ai-agent-development-companies/,0.16,0.00,0.00
Iris Platform,attio.com,iris keyword/path,chat crm,3,50,15.02,https://attio.com/,0.02,0.08,0.54
Iris Platform,attio.com,iris keyword/path,crm software website,3,50,0.00,https://attio.com/,0.01,0.00,0.06
Iris Platform,attio.com,iris keyword/path,crm on line,3,50,19.02,https://attio.com/,0.01,0.05,0.39
dotfun AI Solutions,tech.us,ai solutions keyword,enterprise ai services,3,50,27.29,https://tech.us/services/enterprise-ai-services,0.09,0.15,0.12
Iris Platform,attio.com,iris keyword/path,flexible crm,4,50,38.32,https://attio.com/,0.00,0.05,0.38
dotfun AI Solutions,deviniti.com,ai solutions keyword,custom ai agent development company,4,50,0.00,https://deviniti.com/services/custom-ai-agent-llm-agent-development/,0.04,0.00,0.11
dotfun AI Solutions,npgroup.net,ai solutions keyword,custom ai development agency,4,50,0.00,https://www.npgroup.net/automation/ai-agent-development/,0.45,0.00,0.00
Iris Platform,attio.com,iris keyword/path,crm system integrators,5,50,11.63,https://attio.com/,0.00,0.01,0.30
dotfun AI Solutions,effectivesoft.com,ai solutions keyword,enterprise ai transformation consulting firms us,5,50,0.00,https://www.effectivesoft.com/blog/top-ai-consulting-companies-usa.html,0.00,0.00,0.00
Iris Platform,attio.com,iris keyword/path,crm aus deutschland,6,50,0.00,https://attio.com/,0.00,0.00,0.33
dotfun AI Solutions,effectivesoft.com,ai solutions keyword,enterprise ai/ml engineering firms,6,50,0.00,https://www.effectivesoft.com/blog/top-enterprise-ai-companies.html,0.00,0.00,0.00
dotfun Growth Services,npgroup.net,growth keyword,web design north jersey,6,50,0.00,https://www.npgroup.net/new-jersey-digital-agency/,0.22,0.00,0.00
dotfun Growth Services,npgroup.net,growth keyword,custom web design services nj,6,50,12.87,https://www.npgroup.net/custom-web-design-new-jersey/,0.22,0.46,0.09
dotfun AI Solutions,npgroup.net,ai solutions keyword,custom ai agent development company,6,50,0.00,https://www.npgroup.net/automation/ai-agent-development/,0.22,0.00,0.11
Iris Platform,attio.com,iris keyword/path,plg crm,7,50,14.64,https://attio.com/blog/automations-for-plg-in-crm,0.00,0.02,0.30
Iris Platform,attio.com,iris keyword/path,apollo integration,7,50,11.58,https://attio.com/apps/apollo-enrichment,0.00,0.00,0.26
Iris Platform,attio.com,iris keyword/path,system crm online,7,50,0.00,https://attio.com/,0.00,0.00,0.67
Iris Platform,attio.com,iris keyword/path,saas crm tools,8,50,0.00,https://attio.com/,0.00,0.00,1.00
dotfun AI Solutions,effectivesoft.com,ai solutions keyword,best consulting company for agentic ai implementation in it services,8,50,0.00,https://www.effectivesoft.com/blog/top-ai-consulting-companies-usa.html,0.00,0.00,0.00
dotfun AI Solutions,tech.us,ai solutions keyword,ai agent professional services firms,9,50,0.00,https://tech.us/blog/top-ai-agent-development-companies-usa,0.04,0.00,0.00
dotfun AI Solutions,tech.us,ai solutions keyword,top ai agent development company,9,50,0.00,https://tech.us/blog/top-ai-agent-development-companies-usa,0.04,0.00,0.00
dotfun Growth Services,npgroup.net,growth keyword,web design companies in nj,12,50,14.94,https://www.npgroup.net/new-jersey-digital-agency/,0.00,0.00,0.10
Iris Platform,attio.com,iris keyword/path,business to business crm,13,50,21.79,https://attio.com/,0.00,0.00,0.95
Iris Platform,attio.com,iris keyword/path,sales crm solutions,14,50,0.00,https://attio.com/,0.00,0.00,0.19
Iris Platform,attio.com,iris keyword/path,new home sales crm,15,50,0.00,https://attio.com/,0.00,0.00,0.00
dotfun Growth Services,npgroup.net,growth keyword,nj web design companies,15,50,14.94,https://www.npgroup.net/new-jersey-digital-agency/,0.00,0.00,0.10
Iris Platform,attio.com,iris keyword/path,crm pipe,19,50,16.80,https://attio.com/,0.00,0.00,0.64
dotfun Growth Services,monaco.com,growth keyword,seo monaco,19,50,0.00,https://www.monaco.com/,0.00,0.00,0.33
Iris Platform,attio.com,iris keyword/path,google crm tools,23,50,9.54,https://attio.com/,0.00,0.00,0.77
Iris Platform,attio.com,iris keyword/path,crm and billing,24,50,25.41,https://attio.com/,0.00,0.00,0.49
dotfun AI Solutions,deviniti.com,ai solutions keyword,best ai agent solutions brands 2025,25,50,0.00,https://deviniti.com/blog/enterprise-software/best-ai-agent-development-companies/,0.00,0.00,0.00
Iris Platform,attio.com,iris keyword/path,crm customer relationship management wikipedia,28,50,0.00,https://attio.com/,0.00,0.00,0.08
Iris Platform,attio.com,iris keyword/path,custom crm system development,31,50,21.49,https://attio.com/,0.00,0.00,0.07
Iris Platform,attio.com,iris keyword/path,crm customer relationship management wikipedia,31,50,0.00,https://attio.com/,0.00,0.00,0.08
Iris Platform,attio.com,iris keyword/path,calendar crm,31,50,10.07,https://attio.com/,0.00,0.00,0.81
Iris Platform,attio.com,iris keyword/path,outreach io salesforce integration,32,50,9.22,https://attio.com/apps/outreach,0.00,0.00,0.43
dotfun Growth Services,npgroup.net,growth keyword,custom web design services nj,32,50,12.87,https://www.npgroup.net/new-jersey-digital-agency/,0.00,0.00,0.09
Iris Platform,attio.com,iris keyword/path,working with crm,33,50,0.00,https://attio.com/careers,0.00,0.00,0.64
Iris Platform,attio.com,iris keyword/path,crm samples,33,50,11.39,https://attio.com/,0.00,0.00,0.48
dotfun Growth Services,monaco.com,growth keyword,seo ai agency in monaco,35,50,0.00,https://www.monaco.com/,0.00,0.00,0.00
dotfun Growth Services,npgroup.net,growth keyword,best web design company nj,38,50,0.00,https://www.npgroup.net/new-jersey-digital-agency/,0.00,0.00,0.60
Iris Platform,attio.com,iris keyword/path,intégration crm,39,50,0.00,https://attio.com/,0.00,0.00,0.00
dotfun Growth Services,npgroup.net,growth keyword,web design company point pleasant nj,39,50,0.00,https://www.npgroup.net/new-jersey-digital-agency/,0.00,0.00,0.00
Iris Platform,attio.com,iris keyword/path,best crm with whatsapp integration,41,50,0.00,https://attio.com/,0.00,0.00,0.06
Iris Platform,attio.com,iris keyword/path,salesforce crm interface,42,50,8.53,https://attio.com/,0.00,0.00,0.13
dotfun Growth Services,npgroup.net,growth keyword,web design company farmingdale nj,43,50,0.00,https://www.npgroup.net/new-jersey-digital-agency/,0.00,0.00,0.00
Iris Platform,attio.com,iris keyword/path,teams hubspot integration,44,50,14.93,https://attio.com/,0.00,0.00,0.20
Iris Platform,attio.com,iris keyword/path,how to build crm,45,50,14.14,https://attio.com/,0.00,0.00,0.67
Iris Platform,attio.com,iris keyword/path,what makes a good crm,45,50,8.06,https://attio.com/,0.00,0.00,0.70
dotfun Growth Services,npgroup.net,growth keyword,web design company monmouth county nj,45,50,0.00,https://www.npgroup.net/new-jersey-digital-agency/,0.00,0.00,0.00
Iris Platform,attio.com,iris keyword/path,how to create a crm system,46,50,8.76,https://attio.com/,0.00,0.00,0.68
Iris Platform,attio.com,iris keyword/path,close crm integrations,46,50,11.17,https://attio.com/,0.00,0.00,0.44
Iris Platform,attio.com,iris keyword/path,saas billing automation services crm integration,48,50,0.00,https://attio.com/,0.00,0.00,0.00
Iris Platform,attio.com,iris keyword/path,outreach io salesforce integration,48,50,9.22,https://attio.com/,0.00,0.00,0.43
dotfun Growth Services,npgroup.net,growth keyword,web design colonia nj,48,50,0.00,https://www.npgroup.net/new-jersey-digital-agency/,0.00,0.00,0.00
Iris Platform,attio.com,iris keyword/path,hubspot crm reporting,50,50,23.39,https://attio.com/,0.00,0.00,0.27
Iris Platform,attio.com,iris keyword/path,crm consultants uk,50,50,0.00,https://attio.com/,0.00,0.00,0.00
Iris Platform,attio.com,iris keyword/path,crm consultants uk,51,50,0.00,https://attio.com/,0.00,0.00,0.00
Iris Platform,attio.com,iris keyword/path,hubspot google calendar integration,52,50,13.78,https://attio.com/,0.00,0.00,0.24
Iris Platform,attio.com,iris keyword/path,crm software consultant,53,50,0.00,https://attio.com/,0.00,0.00,0.09
Iris Platform,attio.com,iris keyword/path,crm precios,54,50,0.00,https://attio.com/pricing,0.00,0.00,0.43
Iris Platform,attio.com,iris keyword/path,what is crm server,54,50,0.00,https://attio.com/,0.00,0.00,0.33
Iris Platform,attio.com,iris keyword/path,evaluate the crm company hubspot on lead generation,56,50,0.00,https://attio.com/,0.00,0.00,0.00
Iris Platform,attio.com,iris keyword/path,why is hubspot crm free,58,50,0.00,https://attio.com/,0.00,0.00,0.19
dotfun AI Solutions,tech.us,ai solutions keyword,ai agent companies closed due to traditional prompt limitations,59,50,0.00,https://tech.us/blog/ai-agents-disrupting-traditional-business-processes,0.00,0.00,0.00
Iris Platform,attio.com,iris keyword/path,what is b2c crm,62,50,0.00,https://attio.com/,0.00,0.00,0.33
Iris Platform,attio.com,iris keyword/path,hubspot crm reporting,63,50,23.39,https://attio.com/,0.00,0.00,0.27
Iris Platform,attio.com,iris keyword/path,crm definition software,63,50,3.99,https://attio.com/,0.00,0.00,0.25
Iris Platform,attio.com,iris keyword/path,definitions of crm,68,50,5.92,https://attio.com/,0.00,0.00,0.11
Iris Platform,attio.com,iris keyword/path,outreach io salesforce integration,68,50,9.22,https://attio.com/apps/outreach,0.00,0.00,0.43
Iris Platform,attio.com,iris keyword/path,what is crm applications,69,50,5.42,https://attio.com/,0.00,0.00,0.29
dotfun AI Solutions,tech.us,ai solutions keyword,evaluate the agentic solutions company toptal on agentic solutions,70,50,0.00,https://tech.us/blog/top-agentic-ai-development-partners-in-usa,0.00,0.00,0.00
Iris Platform,attio.com,iris keyword/path,hubspot crm workflows,72,50,0.00,https://attio.com/,0.00,0.00,0.16
Iris Platform,attio.com,iris keyword/path,hubspot crm development services,75,50,0.00,https://attio.com/,0.00,0.00,0.00
Iris Platform,attio.com,iris keyword/path,what are crm systems used for,75,50,4.27,https://attio.com/,0.00,0.00,0.29
dotfun AI Solutions,npgroup.net,ai solutions keyword,personalized ai agent,81,50,3.49,https://www.npgroup.net/automation/ai-agent-development/,0.00,0.00,0.72
Iris Platform,attio.com,iris keyword/path,crm systems for sales,82,50,20.11,https://attio.com/,0.00,0.00,0.04
Iris Platform,attio.com,iris keyword/path,sms marketing hubspot,83,50,12.84,https://attio.com/,0.00,0.00,0.55
Iris Platform,attio.com,iris keyword/path,crm application software,84,50,16.05,https://attio.com/,0.00,0.00,0.52
Iris Platform,attio.com,iris keyword/path,definition for crm,89,50,5.92,https://attio.com/,0.00,0.00,0.11
dotfun AI Solutions,deviniti.com,ai solutions keyword,best consulting company for agentic ai implementation in it services,90,50,0.00,https://deviniti.com/blog/enterprise-software/best-ai-agent-development-companies/,0.00,0.00,0.00
Iris Platform,attio.com,iris keyword/path,crm capability,92,50,12.29,https://attio.com/,0.00,0.00,0.72
dotfun AI Solutions,tech.us,ai solutions keyword,criteria for selecting ai automation vendor legacy system integration,93,50,0.00,https://tech.us/blog/top-ai-development-companies-end-to-end-ai-services,0.00,0.00,0.00
dotfun Growth Services,npgroup.net,growth keyword,web design company point pleasant nj,94,50,0.00,https://www.npgroup.net/design/,0.00,0.00,0.00
Iris Platform,attio.com,iris keyword/path,ai-driven crm software,2,40,0.00,https://attio.com/,0.02,0.00,0.00
Iris Platform,attio.com,iris keyword/path,outreach integration,2,40,15.71,https://attio.com/apps/outreach,0.00,0.02,0.48
Iris Platform,attio.com,iris keyword/path,ai crm integration,5,40,0.00,https://attio.com/,0.00,0.00,0.00
dotfun AI Solutions,effectivesoft.com,ai solutions keyword,leading enterprise ai providers in search,5,40,0.00,https://www.effectivesoft.com/blog/top-enterprise-ai-companies.html,0.00,0.00,0.00
dotfun AI Solutions,effectivesoft.com,ai solutions keyword,enterprise ai software companies,5,40,14.85,https://www.effectivesoft.com/blog/top-enterprise-ai-companies.html,0.00,0.01,0.04
dotfun AI Solutions,effectivesoft.com,ai solutions keyword,enterprise ai chatbot development services,5,40,0.00,https://www.effectivesoft.com/ai-chatbot-development.html,0.00,0.00,0.00
dotfun AI Solutions,npgroup.net,ai solutions keyword,what is an llm wrapper,5,40,0.00,https://www.npgroup.net/blog/ai-wrapper-applications-development-explained/,0.00,0.00,0.01
dotfun Growth Services,npgroup.net,growth keyword,web design agency in new jersey,5,40,0.00,https://www.npgroup.net/new-jersey-digital-agency/,0.00,0.00,0.33
dotfun Growth Services,npgroup.net,growth keyword,north jersey web design,6,40,13.95,https://www.npgroup.net/new-jersey-digital-agency/,0.00,0.00,0.17
dotfun AI Solutions,tech.us,ai solutions keyword,top ai agent automation consultants for business processes,6,40,0.00,https://tech.us/blog/top-ai-agent-development-companies-usa,0.00,0.00,0.00
dotfun AI Solutions,deviniti.com,ai solutions keyword,companies that build custom ai agents,7,40,0.00,https://deviniti.com/services/custom-ai-agent-llm-agent-development/,0.00,0.00,0.00
dotfun Growth Services,npgroup.net,growth keyword,web design north new jersey,7,40,0.00,https://www.npgroup.net/new-jersey-digital-agency/,0.00,0.00,0.00
Iris Platform,attio.com,iris keyword/path,online crm app,8,40,0.00,https://attio.com/,0.00,0.00,0.00
Iris Platform,attio.com,iris keyword/path,crm software kostenlos,9,40,0.00,https://attio.com/,0.00,0.00,0.33
dotfun Growth Services,npgroup.net,growth keyword,nj web design firm,9,40,0.00,https://www.npgroup.net/new-jersey-digital-agency/,0.00,0.00,0.00
dotfun AI Solutions,npgroup.net,ai solutions keyword,companies that build custom ai agents,10,40,0.00,https://www.npgroup.net/automation/ai-agent-development/,0.00,0.00,0.00
dotfun AI Solutions,deviniti.com,ai solutions keyword,ai agent development company in usa,11,40,0.00,https://deviniti.com/services/custom-ai-agent-llm-agent-development/,0.00,0.00,0.00
Iris Platform,attio.com,iris keyword/path,modern crm integrations,13,40,0.00,https://attio.com/,0.00,0.00,0.00
Iris Platform,attio.com,iris keyword/path,media crm software,13,40,0.00,https://attio.com/,0.00,0.00,0.40
Iris Platform,attio.com,iris keyword/path,create a crm,14,40,8.68,https://attio.com/,0.00,0.00,0.66
dotfun Growth Services,npgroup.net,growth keyword,tailored web design,14,40,7.16,https://www.npgroup.net/blog/what-custom-web-design/,0.00,0.00,0.33
dotfun AI Solutions,npgroup.net,ai solutions keyword,custom ai agents for services,14,40,0.00,https://www.npgroup.net/automation/ai-agent-development/,0.00,0.00,0.00
Iris Platform,attio.com,iris keyword/path,email crm tools,15,40,15.34,https://attio.com/,0.00,0.00,0.79
dotfun AI Solutions,deviniti.com,ai solutions keyword,llm deployment services,15,40,0.00,https://deviniti.com/services/self-hosted-llm-development/,0.00,0.00,0.00
dotfun Growth Services,npgroup.net,growth keyword,nj web design firm,15,40,0.00,https://www.npgroup.net/new-jersey-digital-agency/,0.00,0.00,0.00
dotfun Growth Services,attio.com,growth keyword,marketing automation wikipedia,17,40,0.00,https://attio.com/,0.00,0.00,0.00
dotfun Growth Services,npgroup.net,growth keyword,web design services new jersey,17,40,0.00,https://www.npgroup.net/new-jersey-digital-agency/,0.00,0.00,0.33
dotfun AI Solutions,npgroup.net,ai solutions keyword,ai agent development company services,18,40,0.00,https://www.npgroup.net/automation/ai-agent-development/,0.00,0.00,0.00
dotfun AI Solutions,tech.us,ai solutions keyword,companies that build custom ai agents,18,40,0.00,https://tech.us/blog/top-ai-agent-development-companies-usa,0.00,0.00,0.00
Iris Platform,attio.com,iris keyword/path,attio community,19,40,0.00,https://attio.com/platform/productivity,0.00,0.00,0.09
Iris Platform,attio.com,iris keyword/path,crm software for mac free,19,40,4.62,https://attio.com/,0.00,0.00,0.11
Iris Platform,attio.com,iris keyword/path,open source sales crm,20,40,11.16,https://attio.com/,0.00,0.00,0.08
Iris Platform,attio.com,iris keyword/path,how to make a crm,20,40,10.90,https://attio.com/,0.00,0.00,0.83
dotfun AI Solutions,deviniti.com,ai solutions keyword,custom ai development service,20,40,0.00,https://deviniti.com/services/custom-ai-agent-llm-agent-development/,0.00,0.00,0.00
Iris Platform,attio.com,iris keyword/path,technologie crm,21,40,23.94,https://attio.com/,0.00,0.00,0.34
Iris Platform,attio.com,iris keyword/path,open source sales crm,21,40,11.16,https://attio.com/,0.00,0.00,0.08
dotfun Growth Services,attio.com,growth keyword,marketing automation wikipedia,21,40,0.00,https://attio.com/,0.00,0.00,0.00
Iris Platform,attio.com,iris keyword/path,modern crm integrations,23,40,0.00,https://attio.com/,0.00,0.00,0.00
dotfun AI Solutions,deviniti.com,ai solutions keyword,companies that build custom ai agents,23,40,0.00,https://deviniti.com/services/custom-ai-agent-llm-agent-development/,0.00,0.00,0.00
dotfun AI Solutions,tech.us,ai solutions keyword,ai agent development company in usa,23,40,0.00,https://tech.us/blog/top-ai-agent-development-companies-usa,0.00,0.00,0.00
Iris Platform,attio.com,iris keyword/path,frm crm,24,40,0.00,https://attio.com/,0.00,0.00,0.23
Iris Platform,attio.com,iris keyword/path,build a custom crm,24,40,31.06,https://attio.com/,0.00,0.00,0.28
Iris Platform,attio.com,iris keyword/path,who are the crm,25,40,0.00,https://attio.com/,0.00,0.00,0.33
dotfun AI Solutions,deviniti.com,ai solutions keyword,custom ai services,25,40,0.00,https://deviniti.com/services/custom-ai-agent-llm-agent-development/,0.00,0.00,0.00
dotfun AI Solutions,npgroup.net,ai solutions keyword,what is an llm wrapper,25,40,0.00,https://www.npgroup.net/blog/ai-wrapper-applications-development-explained/,0.00,0.00,0.01
dotfun AI Solutions,npgroup.net,ai solutions keyword,ai automation south jersey,25,40,0.00,https://www.npgroup.net/automation/,0.00,0.00,0.00
Iris Platform,attio.com,iris keyword/path,crm tools in sales,26,40,0.00,https://attio.com/,0.00,0.00,0.67
Iris Platform,attio.com,iris keyword/path,crm management new york,26,40,0.00,https://attio.com/,0.00,0.00,0.27
Iris Platform,attio.com,iris keyword/path,saas based crm,26,40,0.00,https://attio.com/,0.00,0.00,0.02
Iris Platform,attio.com,iris keyword/path,crm blogspot,26,40,7.92,https://attio.com/blog,0.00,0.00,0.21
Iris Platform,attio.com,iris keyword/path,crm connect,27,40,5.41,https://attio.com/,0.00,0.00,0.37
Iris Platform,attio.com,iris keyword/path,best crm for enterprise,28,40,0.00,https://attio.com/,0.00,0.00,0.43
dotfun AI Solutions,npgroup.net,ai solutions keyword,custom ai agents for services,29,40,0.00,https://www.npgroup.net/automation/ai-agent-development/,0.00,0.00,0.00
dotfun AI Solutions,npgroup.net,ai solutions keyword,custom ai agents for business,30,40,26.09,https://www.npgroup.net/automation/ai-agent-development/,0.00,0.00,0.57
dotfun Growth Services,npgroup.net,growth keyword,web design company belmar nj,32,40,0.00,https://www.npgroup.net/new-jersey-digital-agency/,0.00,0.00,0.00
Iris Platform,attio.com,iris keyword/path,how to create your own crm system,33,40,12.70,https://attio.com/,0.00,0.00,0.80
Iris Platform,attio.com,iris keyword/path,crm software for construction industry,34,40,18.85,https://attio.com/,0.00,0.00,0.33
Iris Platform,attio.com,iris keyword/path,open phone hubspot integration,35,40,18.91,https://attio.com/,0.00,0.00,0.48
dotfun Growth Services,npgroup.net,growth keyword,web design north new jersey,35,40,0.00,https://www.npgroup.net/new-jersey-digital-agency/,0.00,0.00,0.00
Iris Platform,attio.com,iris keyword/path,aircall salesforce integration,36,40,14.77,https://attio.com/apps/aircall,0.00,0.00,0.34
dotfun Growth Services,npgroup.net,growth keyword,web design company asbury park nj,39,40,0.00,https://www.npgroup.net/new-jersey-digital-agency/,0.00,0.00,0.00
Iris Platform,attio.com,iris keyword/path,best tools for syncing conversation insights with custom crm systems,41,40,0.00,https://attio.com/,0.00,0.00,0.00
dotfun Growth Services,npgroup.net,growth keyword,web design company west long branch nj,41,40,0.00,https://www.npgroup.net/new-jersey-digital-agency/,0.00,0.00,0.00
Iris Platform,attio.com,iris keyword/path,open phone hubspot integration,42,40,18.91,https://attio.com/,0.00,0.00,0.48
Iris Platform,attio.com,iris keyword/path,crm in b2c,44,40,0.00,https://attio.com/,0.00,0.00,0.00
Iris Platform,attio.com,iris keyword/path,hire crm expert,44,40,0.00,https://attio.com/careers,0.00,0.00,0.00
Iris Platform,attio.com,iris keyword/path,crm shopify integration,47,40,0.00,https://attio.com/,0.00,0.00,0.40
Iris Platform,attio.com,iris keyword/path,crm opportunity management,47,40,0.00,https://attio.com/,0.00,0.00,0.71
Iris Platform,attio.com,iris keyword/path,best ir crm comparison,47,40,0.00,https://attio.com/,0.00,0.00,0.00
Iris Platform,attio.com,iris keyword/path,self storage crm,47,40,0.00,https://attio.com/,0.00,0.00,0.33
Iris Platform,attio.com,iris keyword/path,uk healthcare crm market,48,40,0.00,https://attio.com/,0.00,0.00,0.00
Iris Platform,attio.com,iris keyword/path,best ir crm comparison,49,40,0.00,https://attio.com/,0.00,0.00,0.00
Iris Platform,attio.com,iris keyword/path,attio mcp server,50,40,0.00,https://attio.com/platform/developers,0.00,0.00,0.05
Iris Platform,attio.com,iris keyword/path,crm functions for b2c,52,40,0.00,https://attio.com/,0.00,0.00,0.00
dotfun AI Solutions,deviniti.com,ai solutions keyword,ai agent development company in usa,52,40,0.00,https://deviniti.com/blog/enterprise-software/best-ai-agent-development-companies/,0.00,0.00,0.00
dotfun AI Solutions,deviniti.com,ai solutions keyword,best platform to build custom ai agents,52,40,0.00,https://deviniti.com/services/custom-ai-agent-llm-agent-development/,0.00,0.00,0.00
Iris Platform,attio.com,iris keyword/path,whats the crm,55,40,0.00,https://attio.com/,0.00,0.00,0.31
Iris Platform,attio.com,iris keyword/path,attio community,57,40,0.00,https://attio.com/platform/developers,0.00,0.00,0.09
dotfun Growth Services,npgroup.net,growth keyword,web design company morganville nj,57,40,0.00,https://www.npgroup.net/new-jersey-digital-agency/,0.00,0.00,0.00
dotfun Growth Services,npgroup.net,growth keyword,web design company long branch nj,57,40,0.00,https://www.npgroup.net/new-jersey-digital-agency/,0.00,0.00,0.00
Iris Platform,attio.com,iris keyword/path,crm in b2b,58,40,17.65,https://attio.com/,0.00,0.00,0.22
Iris Platform,attio.com,iris keyword/path,attio community,59,40,0.00,https://attio.com/platform/reporting,0.00,0.00,0.09
dotfun Growth Services,npgroup.net,growth keyword,web design company howell nj,59,40,0.00,https://www.npgroup.net/new-jersey-digital-agency/,0.00,0.00,0.00
dotfun Growth Services,npgroup.net,growth keyword,web design company carteret nj,59,40,0.00,https://www.npgroup.net/new-jersey-digital-agency/,0.00,0.00,0.00
Iris Platform,attio.com,iris keyword/path,attio community,60,40,0.00,https://attio.com/platform/ask,0.00,0.00,0.09
Iris Platform,attio.com,iris keyword/path,hubspot free crm review,62,40,33.09,https://attio.com/,0.00,0.00,0.67
Iris Platform,attio.com,iris keyword/path,saas crm meaning,62,40,0.00,https://attio.com/,0.00,0.00,0.33
dotfun AI Solutions,tech.us,ai solutions keyword,companies that build custom ai agents,62,40,0.00,https://tech.us/services/ai-agents-development,0.00,0.00,0.00
Iris Platform,attio.com,iris keyword/path,crm in b2b and b2c markets,63,40,0.00,https://attio.com/,0.00,0.00,0.00
Iris Platform,attio.com,iris keyword/path,mobile app development analytics crm integration,64,40,0.00,https://attio.com/apps,0.00,0.00,0.00
dotfun AI Solutions,deviniti.com,ai solutions keyword,companies that build custom ai agents,65,40,0.00,https://deviniti.com/blog/enterprise-software/best-ai-agent-development-companies/,0.00,0.00,0.00
dotfun Growth Services,npgroup.net,growth keyword,web design company woodbridge nj,66,40,0.00,https://www.npgroup.net/new-jersey-digital-agency/,0.00,0.00,0.00
Iris Platform,attio.com,iris keyword/path,hubspot free crm review,69,40,33.09,https://attio.com/,0.00,0.00,0.67
Iris Platform,attio.com,iris keyword/path,pros of integrated crm features,69,40,0.00,https://attio.com/,0.00,0.00,0.00
Iris Platform,monaco.com,iris keyword/path,start up crm,69,40,24.12,https://www.monaco.com/,0.00,0.00,0.48
Iris Platform,attio.com,iris keyword/path,lead scoring crm,70,40,0.00,https://attio.com/,0.00,0.00,0.05
Iris Platform,attio.com,iris keyword/path,sales and crm meaning,70,40,0.00,https://attio.com/,0.00,0.00,0.22
dotfun Growth Services,npgroup.net,growth keyword,web design company eatontown nj,81,40,0.00,https://www.npgroup.net/new-jersey-digital-agency/,0.00,0.00,0.00
dotfun Growth Services,npgroup.net,growth keyword,affordable web design asbury park nj,81,40,0.00,https://www.npgroup.net/new-jersey-digital-agency/,0.00,0.00,0.00
Iris Platform,attio.com,iris keyword/path,real estate crm software free download,83,40,0.00,https://attio.com/,0.00,0.00,0.33
Iris Platform,attio.com,iris keyword/path,hubspot texting integrations,85,40,20.47,https://attio.com/,0.00,0.00,0.28
Iris Platform,attio.com,iris keyword/path,best business cards for custom law firm workflows,86,40,0.00,https://attio.com/,0.00,0.00,0.00
Iris Platform,attio.com,iris keyword/path,best crm for single real estate agent,89,40,32.53,https://attio.com/,0.00,0.00,0.88
Iris Platform,attio.com,iris keyword/path,is hubspot a crm system,94,40,0.00,https://attio.com/,0.00,0.00,0.14
Iris Platform,attio.com,iris keyword/path,crm and hr,95,40,34.73,https://attio.com/,0.00,0.00,0.24
Iris Platform,attio.com,iris keyword/path,email crm tools,95,40,15.34,https://attio.com/,0.00,0.00,0.79
Iris Platform,attio.com,iris keyword/path,crm consulting hubspot,97,40,0.00,https://attio.com/,0.00,0.00,0.00
Iris Platform,attio.com,iris keyword/path,cost of crm implementation,99,40,0.00,https://attio.com/,0.00,0.00,0.08
Iris Platform,attio.com,iris keyword/path,ai-powered crm system,2,30,15.90,https://attio.com/,0.01,0.04,0.11
Iris Platform,attio.com,iris keyword/path,crm software with ai,2,30,27.27,https://attio.com/,0.01,0.07,0.36
dotfun AI Solutions,deviniti.com,ai solutions keyword,llm fine tuning services,2,30,6.02,https://deviniti.com/services/llm-fine-tuning-services/,0.04,0.02,0.25
Iris Platform,attio.com,iris keyword/path,ask crm,3,30,12.36,https://attio.com/,0.01,0.03,0.36
dotfun AI Solutions,deviniti.com,ai solutions keyword,llm fine tuning service,3,30,6.02,https://deviniti.com/services/llm-fine-tuning-services/,0.04,0.02,0.25
Iris Platform,attio.com,iris keyword/path,crm empresa,4,30,6.59,https://attio.com/,0.00,0.00,0.43
Iris Platform,attio.com,iris keyword/path,crm ai software,4,30,34.89,https://attio.com/,0.00,0.04,0.94
Iris Platform,attio.com,iris keyword/path,aircall integration,5,30,11.21,https://attio.com/apps/aircall,0.00,0.01,0.39
Iris Platform,attio.com,iris keyword/path,attio hubspot integration,5,30,11.35,https://attio.com/help/apps/other-apps,0.00,0.01,0.45
Iris Platform,attio.com,iris keyword/path,ai powered crm tools,7,30,14.57,https://attio.com/,0.00,0.00,0.46
dotfun AI Solutions,npgroup.net,ai solutions keyword,ai agent development agency,7,30,10.47,https://www.npgroup.net/automation/ai-agent-development/,0.00,0.00,0.20
Iris Platform,attio.com,iris keyword/path,crm for,8,30,19.43,https://attio.com/,0.00,0.00,0.23
Iris Platform,attio.com,iris keyword/path,crm for,10,30,19.43,https://attio.com/,0.00,0.00,0.23
Iris Platform,attio.com,iris keyword/path,customized crm software,11,30,24.68,https://attio.com/,0.00,0.00,0.08
Iris Platform,attio.com,iris keyword/path,business automation crm,13,30,3.59,https://attio.com/,0.00,0.00,0.44
dotfun Growth Services,npgroup.net,growth keyword,new jersey web design companies,13,30,14.94,https://www.npgroup.net/new-jersey-digital-agency/,0.00,0.00,0.10
Iris Platform,attio.com,iris keyword/path,crm with automations,15,30,16.87,https://attio.com/,0.00,0.00,0.39
Iris Platform,attio.com,iris keyword/path,up crm,15,30,11.37,https://attio.com/,0.00,0.00,0.22
Iris Platform,attio.com,iris keyword/path,linear salesforce integration,17,30,7.77,https://attio.com/apps/linear,0.00,0.00,0.36
Iris Platform,attio.com,iris keyword/path,interface crm,19,30,11.81,https://attio.com/,0.00,0.00,0.32
dotfun AI Solutions,tech.us,ai solutions keyword,agentic ai top companies,21,30,6.55,https://tech.us/blog/top-agentic-ai-development-partners-in-usa,0.00,0.00,0.61
Iris Platform,attio.com,iris keyword/path,crm warehouse,22,30,18.16,https://attio.com/,0.00,0.00,0.44
Iris Platform,attio.com,iris keyword/path,day crm,26,30,13.90,https://attio.com/,0.00,0.00,0.36
Iris Platform,attio.com,iris keyword/path,best crm company,27,30,14.91,https://attio.com/,0.00,0.00,0.42
Iris Platform,attio.com,iris keyword/path,dropbox crm,27,30,25.53,https://attio.com/apps/dropbox,0.00,0.00,0.64
Iris Platform,attio.com,iris keyword/path,crm person,27,30,8.97,https://attio.com/,0.00,0.00,0.63
Iris Platform,attio.com,iris keyword/path,free crm review,33,30,14.09,https://attio.com/,0.00,0.00,0.36
dotfun Growth Services,npgroup.net,growth keyword,nj wordpress web design firm,33,30,13.95,https://www.npgroup.net/new-jersey-digital-agency/,0.00,0.00,0.17
Iris Platform,attio.com,iris keyword/path,lead generation and crm,35,30,21.29,https://attio.com/,0.00,0.00,0.69
Iris Platform,attio.com,iris keyword/path,sync crm real estate,38,30,35.68,https://attio.com/,0.00,0.00,0.61
dotfun Growth Services,npgroup.net,growth keyword,testimonial web design,42,30,5.44,https://www.npgroup.net/about/testimonials/,0.00,0.00,0.18
Iris Platform,attio.com,iris keyword/path,zapier clay integration,53,30,7.55,https://attio.com/apps/clay,0.00,0.00,0.43
Iris Platform,attio.com,iris keyword/path,crm customer relationships,54,30,13.73,https://attio.com/,0.00,0.00,0.47
Iris Platform,attio.com,iris keyword/path,crm product manager jobs,55,30,0.99,https://attio.com/,0.00,0.00,0.32
Iris Platform,attio.com,iris keyword/path,hubspot sales crm pricing,57,30,20.47,https://attio.com/,0.00,0.00,0.59
Iris Platform,attio.com,iris keyword/path,crm download software,68,30,17.03,https://attio.com/,0.00,0.00,0.70
dotfun AI Solutions,deviniti.com,ai solutions keyword,ai agent providers,71,30,21.26,https://deviniti.com/blog/enterprise-software/best-ai-agent-development-companies/,0.00,0.00,0.71
Iris Platform,attio.com,iris keyword/path,what is meaning of crm,73,30,1.99,https://attio.com/,0.00,0.00,0.15
Iris Platform,attio.com,iris keyword/path,crm realty management,74,30,3.69,https://attio.com/,0.00,0.00,0.71
Iris Platform,attio.com,iris keyword/path,send sms salesforce,75,30,18.55,https://attio.com/,0.00,0.00,0.25
dotfun AI Solutions,effectivesoft.com,ai solutions keyword,enterprise ai startups,77,30,5.77,https://www.effectivesoft.com/blog/top-enterprise-ai-companies.html,0.00,0.00,0.45
Iris Platform,attio.com,iris keyword/path,what is the best crm for sales,78,30,8.47,https://attio.com/,0.00,0.00,0.26
Iris Platform,attio.com,iris keyword/path,best crm software for customer service,80,30,28.19,https://attio.com/,0.00,0.00,0.52
Iris Platform,attio.com,iris keyword/path,what is a lead in crm,81,30,11.97,https://attio.com/,0.00,0.00,0.55
Iris Platform,attio.com,iris keyword/path,best crm lead management software,84,30,30.07,https://attio.com/,0.00,0.00,0.57
Iris Platform,attio.com,iris keyword/path,cms vs crm vs erp,86,30,4.72,https://attio.com/,0.00,0.00,0.27
Iris Platform,attio.com,iris keyword/path,attio mcp,88,30,8.05,https://attio.com/platform/ai,0.00,0.00,0.09
Iris Platform,attio.com,iris keyword/path,cms vs crm vs erp,89,30,4.72,https://attio.com/,0.00,0.00,0.27
Iris Platform,attio.com,iris keyword/path,google analytics crm,92,30,9.48,https://attio.com/,0.00,0.00,0.24
